ISO-10303-21;
HEADER;
FILE_DESCRIPTION (( 'STEP AP214' ),
    '1' );
FILE_NAME ('ECQUBAF102V1.STEP',
    '2021-05-26T08:18:15',
    ( '' ),
    ( '' ),
    'SwSTEP 2.0',
    'SolidWorks 2020',
    '' );
FILE_SCHEMA (( 'AUTOMOTIVE_DESIGN' ));
ENDSEC;

DATA;
#1 = SHAPE_DEFINITION_REPRESENTATION ( #654, #58 ) ;
#2 = FACE_OUTER_BOUND ( 'NONE', #937, .T. ) ;
#3 = CARTESIAN_POINT ( 'NONE',  ( 7.499999999999992006, 5.399999999999980815, 0.000000000000000000 ) ) ;
#4 = ORIENTED_EDGE ( 'NONE', *, *, #1092, .T. ) ;
#5 = ORIENTED_EDGE ( 'NONE', *, *, #176, .T. ) ;
#6 = ORIENTED_EDGE ( 'NONE', *, *, #1577, .F. ) ;
#7 = EDGE_CURVE ( 'NONE', #1070, #37, #483, .T. ) ;
#8 = FACE_OUTER_BOUND ( 'NONE', #177, .T. ) ;
#9 = EDGE_CURVE ( 'NONE', #1718, #984, #1646, .T. ) ;
#10 = EDGE_CURVE ( 'NONE', #594, #1789, #1547, .T. ) ;
#11 = CARTESIAN_POINT ( 'NONE',  ( -7.199999999999992184, 5.399999999999980815, 0.000000000000000000 ) ) ;
#12 = LINE ( 'NONE', #418, #836 ) ;
#13 = VERTEX_POINT ( 'NONE', #1112 ) ;
#14 = VERTEX_POINT ( 'NONE', #823 ) ;
#15 = CARTESIAN_POINT ( 'NONE',  ( 7.799999999999991829, 5.399999999999980815, -3.673940397442072441E-17 ) ) ;
#16 = SURFACE_STYLE_USAGE ( .BOTH. , #876 ) ;
#17 = DIRECTION ( 'NONE',  ( 0.000000000000000000, 0.000000000000000000, -1.000000000000000000 ) ) ;
#18 = DIRECTION ( 'NONE',  ( -1.000000000000000000, 1.445602896647339508E-15, 0.000000000000000000 ) ) ;
#19 = VECTOR ( 'NONE', #1090, 1000.000000000000000 ) ;
#20 = ORIENTED_EDGE ( 'NONE', *, *, #1355, .F. ) ;
#21 = AXIS2_PLACEMENT_3D ( 'NONE', #981, #1552, #256 ) ;
#22 = EDGE_CURVE ( 'NONE', #688, #1389, #1608, .T. ) ;
#23 = AXIS2_PLACEMENT_3D ( 'NONE', #136, #1574, #1602 ) ;
#24 = ORIENTED_EDGE ( 'NONE', *, *, #1839, .T. ) ;
#25 = VECTOR ( 'NONE', #1746, 1000.000000000000000 ) ;
#26 = STYLED_ITEM ( 'NONE', ( #1541 ), #1275 ) ;
#27 = CARTESIAN_POINT ( 'NONE',  ( 7.650000000000001243, 5.400000000000002132, -2.000000000000001776 ) ) ;
#28 = VECTOR ( 'NONE', #1127, 1000.000000000000000 ) ;
#29 = DIRECTION ( 'NONE',  ( 1.000000000000000000, 0.000000000000000000, 0.000000000000000000 ) ) ;
#30 = ORIENTED_EDGE ( 'NONE', *, *, #475, .T. ) ;
#31 = ORIENTED_EDGE ( 'NONE', *, *, #622, .F. ) ;
#32 = FACE_OUTER_BOUND ( 'NONE', #999, .T. ) ;
#33 = CARTESIAN_POINT ( 'NONE',  ( 7.299999999999989164, 0.3464101615137712420, 0.000000000000000000 ) ) ;
#34 = DIRECTION ( 'NONE',  ( -0.8660254037844378194, -0.5000000000000014433, 0.000000000000000000 ) ) ;
#35 = VERTEX_POINT ( 'NONE', #1210 ) ;
#36 = EDGE_CURVE ( 'NONE', #608, #159, #1358, .T. ) ;
#37 = VERTEX_POINT ( 'NONE', #685 ) ;
#38 = ADVANCED_FACE ( 'NONE', ( #814 ), #921, .T. ) ;
#39 = EDGE_CURVE ( 'NONE', #613, #13, #1387, .T. ) ;
#40 = LINE ( 'NONE', #918, #795 ) ;
#41 = DIRECTION ( 'NONE',  ( 1.000000000000000000, 0.000000000000000000, 0.000000000000000000 ) ) ;
#42 = LINE ( 'NONE', #1763, #928 ) ;
#43 = ADVANCED_FACE ( 'NONE', ( #671 ), #1080, .T. ) ;
#44 = ORIENTED_EDGE ( 'NONE', *, *, #1480, .T. ) ;
#45 = DIRECTION ( 'NONE',  ( -0.000000000000000000, -0.000000000000000000, 1.000000000000000000 ) ) ;
#46 = AXIS2_PLACEMENT_3D ( 'NONE', #1655, #359, #1231 ) ;
#47 = EDGE_LOOP ( 'NONE', ( #1585, #1012, #1233, #940, #1269 ) ) ;
#48 = VECTOR ( 'NONE', #198, 1000.000000000000000 ) ;
#49 = VECTOR ( 'NONE', #1767, 1000.000000000000000 ) ;
#50 = DIRECTION ( 'NONE',  ( 0.8660254037844378194, -0.5000000000000014433, 0.000000000000000000 ) ) ;
#51 = VECTOR ( 'NONE', #664, 1000.000000000000000 ) ;
#52 = DIRECTION ( 'NONE',  ( 1.000000000000000000, 0.000000000000000000, 0.000000000000000000 ) ) ;
#53 = VECTOR ( 'NONE', #949, 1000.000000000000000 ) ;
#54 = DIRECTION ( 'NONE',  ( -0.8660254037844375974, -0.5000000000000018874, -0.000000000000000000 ) ) ;
#55 = AXIS2_PLACEMENT_3D ( 'NONE', #1729, #864, #1312 ) ;
#56 = ORIENTED_EDGE ( 'NONE', *, *, #362, .T. ) ;
#57 = DIRECTION ( 'NONE',  ( 1.029992063861228226E-15, 1.000000000000000000, -0.000000000000000000 ) ) ;
#58 = ADVANCED_BREP_SHAPE_REPRESENTATION ( 'ECQUBAF102V1', ( #1275, #655, #601, #412 ), #1108 ) ;
#59 = VERTEX_POINT ( 'NONE', #972 ) ;
#60 = CARTESIAN_POINT ( 'NONE',  ( -7.149999999999998579, 21.50000000000000000, 2.500000000000001332 ) ) ;
#61 = CARTESIAN_POINT ( 'NONE',  ( -4.649999999999997691, 5.400000000000000355, -2.500000000000001332 ) ) ;
#62 = FACE_OUTER_BOUND ( 'NONE', #481, .T. ) ;
#63 = ADVANCED_FACE ( 'NONE', ( #1395 ), #109, .T. ) ;
#64 = ORIENTED_EDGE ( 'NONE', *, *, #650, .F. ) ;
#65 = DIRECTION ( 'NONE',  ( -0.000000000000000000, -0.000000000000000000, 1.000000000000000000 ) ) ;
#66 = EDGE_LOOP ( 'NONE', ( #244, #899, #576, #1255 ) ) ;
#67 = FACE_OUTER_BOUND ( 'NONE', #1649, .T. ) ;
#68 = DIRECTION ( 'NONE',  ( -0.000000000000000000, -0.000000000000000000, 1.000000000000000000 ) ) ;
#69 = DIRECTION ( 'NONE',  ( 0.5000000000000025535, -0.8660254037844371533, 0.000000000000000000 ) ) ;
#70 = DIRECTION ( 'NONE',  ( -1.000000000000000000, 0.000000000000000000, 0.000000000000000000 ) ) ;
#71 = DIRECTION ( 'NONE',  ( 0.000000000000000000, 1.000000000000000000, 0.000000000000000000 ) ) ;
#72 = VERTEX_POINT ( 'NONE', #790 ) ;
#73 = AXIS2_PLACEMENT_3D ( 'NONE', #1221, #1238, #389 ) ;
#74 = LINE ( 'NONE', #220, #1613 ) ;
#75 = CIRCLE ( 'NONE', #831, 0.3000000000000000999 ) ;
#76 = AXIS2_PLACEMENT_3D ( 'NONE', #1173, #1058, #1027 ) ;
#77 = DIRECTION ( 'NONE',  ( 0.8660254037844375974, -0.5000000000000018874, -0.000000000000000000 ) ) ;
#78 = DIRECTION ( 'NONE',  ( -0.5000000000000001110, 0.8660254037844385966, 0.000000000000000000 ) ) ;
#79 = AXIS2_PLACEMENT_3D ( 'NONE', #332, #916, #1777 ) ;
#80 = VECTOR ( 'NONE', #1263, 1000.000000000000000 ) ;
#81 = ADVANCED_FACE ( 'NONE', ( #82 ), #653, .T. ) ;
#82 = FACE_OUTER_BOUND ( 'NONE', #101, .T. ) ;
#83 = DIRECTION ( 'NONE',  ( -1.000000000000000000, 0.000000000000000000, 0.000000000000000000 ) ) ;
#84 = VECTOR ( 'NONE', #1016, 1000.000000000000000 ) ;
#85 = ORIENTED_EDGE ( 'NONE', *, *, #1190, .F. ) ;
#86 = VERTEX_POINT ( 'NONE', #948 ) ;
#87 = DIRECTION ( 'NONE',  ( 1.029992063861228226E-15, -1.000000000000000000, 0.000000000000000000 ) ) ;
#88 = FACE_OUTER_BOUND ( 'NONE', #951, .T. ) ;
#89 = DIRECTION ( 'NONE',  ( -1.000000000000000000, 0.000000000000000000, 0.000000000000000000 ) ) ;
#90 = DIRECTION ( 'NONE',  ( 0.8660254037844379305, -0.5000000000000014433, 0.000000000000000000 ) ) ;
#91 = ORIENTED_EDGE ( 'NONE', *, *, #1297, .F. ) ;
#92 = ORIENTED_EDGE ( 'NONE', *, *, #1630, .F. ) ;
#93 = ADVANCED_FACE ( 'NONE', ( #1518 ), #1380, .T. ) ;
#94 = CARTESIAN_POINT ( 'NONE',  ( 7.150000000000002132, 5.400000000000001243, -2.500000000000001332 ) ) ;
#95 = CARTESIAN_POINT ( 'NONE',  ( -7.499999999999992006, 5.399999999999980815, 0.000000000000000000 ) ) ;
#96 = ADVANCED_FACE ( 'NONE', ( #1696 ), #398, .F. ) ;
#97 = CARTESIAN_POINT ( 'NONE',  ( -7.649999999999997691, 21.00000000000000000, -1.999999999999998224 ) ) ;
#98 = CARTESIAN_POINT ( 'NONE',  ( 6.499999999999991118, 1.501110699893025924, 0.000000000000000000 ) ) ;
#99 = CARTESIAN_POINT ( 'NONE',  ( 7.499999999999991118, -5.204170427930421283E-15, 0.000000000000000000 ) ) ;
#100 = DIRECTION ( 'NONE',  ( -0.000000000000000000, -0.000000000000000000, 1.000000000000000000 ) ) ;
#101 = EDGE_LOOP ( 'NONE', ( #299, #1483, #1726, #411, #565 ) ) ;
#102 = DIRECTION ( 'NONE',  ( 0.000000000000000000, 0.000000000000000000, -1.000000000000000000 ) ) ;
#103 = EDGE_CURVE ( 'NONE', #983, #817, #393, .T. ) ;
#104 = CARTESIAN_POINT ( 'NONE',  ( -7.499999999999992006, 5.399999999999980815, 0.000000000000000000 ) ) ;
#105 = AXIS2_PLACEMENT_3D ( 'NONE', #373, #696, #124 ) ;
#106 = FACE_OUTER_BOUND ( 'NONE', #495, .T. ) ;
#107 = DIRECTION ( 'NONE',  ( 0.000000000000000000, 0.000000000000000000, -1.000000000000000000 ) ) ;
#108 = ORIENTED_EDGE ( 'NONE', *, *, #1121, .F. ) ;
#109 = CYLINDRICAL_SURFACE ( 'NONE', #46, 0.5000000000000000000 ) ;
#110 = VECTOR ( 'NONE', #467, 1000.000000000000000 ) ;
#111 = FACE_OUTER_BOUND ( 'NONE', #1032, .T. ) ;
#112 = AXIS2_PLACEMENT_3D ( 'NONE', #1691, #271, #394 ) ;
#113 = ORIENTED_EDGE ( 'NONE', *, *, #675, .F. ) ;
#114 = AXIS2_PLACEMENT_3D ( 'NONE', #200, #313, #1607 ) ;
#115 = AXIS2_PLACEMENT_3D ( 'NONE', #640, #1407, #1694 ) ;
#116 = DIRECTION ( 'NONE',  ( 0.8660254037844379305, -0.5000000000000014433, 0.000000000000000000 ) ) ;
#117 = DIRECTION ( 'NONE',  ( 1.700709290173340163E-16, -0.000000000000000000, 1.000000000000000000 ) ) ;
#118 = CARTESIAN_POINT ( 'NONE',  ( 7.150000000000003020, 5.000000000000000000, 2.249999999999999112 ) ) ;
#119 = FACE_OUTER_BOUND ( 'NONE', #1325, .T. ) ;
#120 = ORIENTED_EDGE ( 'NONE', *, *, #329, .F. ) ;
#121 = LINE ( 'NONE', #1099, #53 ) ;
#122 = EDGE_CURVE ( 'NONE', #1419, #591, #1811, .T. ) ;
#123 = ORIENTED_EDGE ( 'NONE', *, *, #1573, .T. ) ;
#124 = DIRECTION ( 'NONE',  ( -0.5000000000000024425, -0.8660254037844373753, 0.000000000000000000 ) ) ;
#125 = CARTESIAN_POINT ( 'NONE',  ( -7.149999999999998579, 21.50000000000000000, 2.500000000000001332 ) ) ;
#126 = EDGE_CURVE ( 'NONE', #1360, #559, #1550, .T. ) ;
#127 = CARTESIAN_POINT ( 'NONE',  ( -7.149999999999998579, 21.00000000000000000, 2.000000000000001332 ) ) ;
#128 = FACE_OUTER_BOUND ( 'NONE', #1444, .T. ) ;
#129 = DIRECTION ( 'NONE',  ( 0.000000000000000000, 0.000000000000000000, -1.000000000000000000 ) ) ;
#130 = ORIENTED_EDGE ( 'NONE', *, *, #1253, .F. ) ;
#131 = ORIENTED_EDGE ( 'NONE', *, *, #707, .F. ) ;
#132 = ORIENTED_EDGE ( 'NONE', *, *, #1194, .T. ) ;
#133 = DIRECTION ( 'NONE',  ( -0.000000000000000000, -0.000000000000000000, 1.000000000000000000 ) ) ;
#134 = DIRECTION ( 'NONE',  ( 0.000000000000000000, 1.000000000000000000, -0.000000000000000000 ) ) ;
#135 = ORIENTED_EDGE ( 'NONE', *, *, #1697, .T. ) ;
#136 = CARTESIAN_POINT ( 'NONE',  ( 7.499999999999991118, -5.204170427930421283E-15, 0.000000000000000000 ) ) ;
#137 = DIRECTION ( 'NONE',  ( 1.029992063861228226E-15, 1.000000000000000000, -0.000000000000000000 ) ) ;
#138 = AXIS2_PLACEMENT_3D ( 'NONE', #1145, #1126, #1847 ) ;
#139 = ADVANCED_FACE ( 'NONE', ( #1265 ), #1610, .T. ) ;
#140 = CIRCLE ( 'NONE', #1018, 0.5000000000000004441 ) ;
#141 = ORIENTED_EDGE ( 'NONE', *, *, #568, .F. ) ;
#142 = VERTEX_POINT ( 'NONE', #1122 ) ;
#143 = ORIENTED_EDGE ( 'NONE', *, *, #700, .F. ) ;
#144 = CIRCLE ( 'NONE', #201, 0.2999999999999999334 ) ;
#145 = DIRECTION ( 'NONE',  ( 1.000000000000000000, -1.409462824231157145E-15, 0.000000000000000000 ) ) ;
#146 = DIRECTION ( 'NONE',  ( 1.000000000000000000, 0.000000000000000000, 0.000000000000000000 ) ) ;
#147 = FACE_OUTER_BOUND ( 'NONE', #719, .T. ) ;
#148 = LINE ( 'NONE', #1315, #994 ) ;
#149 = ADVANCED_FACE ( 'NONE', ( #987 ), #1513, .T. ) ;
#150 = ORIENTED_EDGE ( 'NONE', *, *, #1272, .F. ) ;
#151 = ORIENTED_EDGE ( 'NONE', *, *, #607, .F. ) ;
#152 = EDGE_LOOP ( 'NONE', ( #489, #151, #1420, #1408 ) ) ;
#153 = DIRECTION ( 'NONE',  ( -1.409462824231157145E-15, -1.000000000000000000, 0.000000000000000000 ) ) ;
#154 = CARTESIAN_POINT ( 'NONE',  ( -7.799999999999989164, -5.513168047088788469E-15, 0.000000000000000000 ) ) ;
#155 = PRODUCT_DEFINITION_CONTEXT ( 'detailed design', #1760, 'design' ) ;
#156 = DIRECTION ( 'NONE',  ( -0.000000000000000000, -0.000000000000000000, 1.000000000000000000 ) ) ;
#157 = CYLINDRICAL_SURFACE ( 'NONE', #1372, 0.5000000000000000000 ) ;
#158 = EDGE_CURVE ( 'NONE', #455, #1038, #1486, .T. ) ;
#159 = VERTEX_POINT ( 'NONE', #1225 ) ;
#160 = VERTEX_POINT ( 'NONE', #840 ) ;
#161 = CLOSED_SHELL ( 'NONE', ( #907, #1733, #903, #81, #149, #1632, #340, #1717, #847, #1768, #1026, #453, #1224, #470, #1332, #875 ) ) ;
#162 = ADVANCED_FACE ( 'NONE', ( #516 ), #792, .T. ) ;
#163 = CARTESIAN_POINT ( 'NONE',  ( 7.499999999999992006, -5.000000000000004441, 0.000000000000000000 ) ) ;
#164 = CARTESIAN_POINT ( 'NONE',  ( 7.149999999999990585, 2.915618859407611563, 0.000000000000000000 ) ) ;
#165 = DIRECTION ( 'NONE',  ( 1.000000000000000000, 0.000000000000000000, 0.000000000000000000 ) ) ;
#166 = ORIENTED_EDGE ( 'NONE', *, *, #1321, .T. ) ;
#167 = CIRCLE ( 'NONE', #253, 0.09999999999999506506 ) ;
#168 = VECTOR ( 'NONE', #1614, 1000.000000000000000 ) ;
#169 = ORIENTED_EDGE ( 'NONE', *, *, #103, .T. ) ;
#170 = VECTOR ( 'NONE', #355, 1000.000000000000000 ) ;
#171 = AXIS2_PLACEMENT_3D ( 'NONE', #339, #635, #1183 ) ;
#172 = DIRECTION ( 'NONE',  ( 1.734723475976808869E-15, -1.000000000000000000, -0.000000000000000000 ) ) ;
#173 = CARTESIAN_POINT ( 'NONE',  ( -6.349999999999988987, 1.241303078757695744, 3.673940397442060115E-17 ) ) ;
#174 = EDGE_CURVE ( 'NONE', #1070, #1419, #1083, .T. ) ;
#175 = ORIENTED_EDGE ( 'NONE', *, *, #1715, .T. ) ;
#176 = EDGE_CURVE ( 'NONE', #37, #1070, #219, .T. ) ;
#177 = EDGE_LOOP ( 'NONE', ( #602, #1230, #522, #1149, #1007, #1050, #910, #1416, #825, #1396, #1818, #1425, #4, #1579, #1551, #1568, #1735, #891, #826, #1382 ) ) ;
#178 = EDGE_CURVE ( 'NONE', #926, #35, #976, .T. ) ;
#179 = PLANE ( 'NONE',  #1211 ) ;
#180 = CARTESIAN_POINT ( 'NONE',  ( -7.099999999999989875, -3.035766082959412415E-15, 0.000000000000000000 ) ) ;
#181 = FACE_OUTER_BOUND ( 'NONE', #835, .T. ) ;
#182 = EDGE_LOOP ( 'NONE', ( #708, #1776, #1475, #582 ) ) ;
#183 = LINE ( 'NONE', #757, #1369 ) ;
#184 = ORIENTED_EDGE ( 'NONE', *, *, #1431, .T. ) ;
#185 = VERTEX_POINT ( 'NONE', #1666 ) ;
#186 = DIRECTION ( 'NONE',  ( -0.000000000000000000, -0.000000000000000000, 1.000000000000000000 ) ) ;
#187 = DIRECTION ( 'NONE',  ( 0.000000000000000000, 1.000000000000000000, -0.000000000000000000 ) ) ;
#188 = CARTESIAN_POINT ( 'NONE',  ( -7.499999999999991118, -5.204170427930421283E-15, 0.000000000000000000 ) ) ;
#189 = ORIENTED_EDGE ( 'NONE', *, *, #821, .F. ) ;
#190 = LINE ( 'NONE', #480, #1133 ) ;
#191 = UNCERTAINTY_MEASURE_WITH_UNIT (LENGTH_MEASURE( 1.000000000000000082E-05 ), #1367, 'distance_accuracy_value', 'NONE');
#192 = ORIENTED_EDGE ( 'NONE', *, *, #687, .F. ) ;
#193 = VECTOR ( 'NONE', #561, 1000.000000000000000 ) ;
#194 =( GEOMETRIC_REPRESENTATION_CONTEXT ( 3 ) GLOBAL_UNCERTAINTY_ASSIGNED_CONTEXT ( ( #630 ) ) GLOBAL_UNIT_ASSIGNED_CONTEXT ( ( #386, #1085, #1824 ) ) REPRESENTATION_CONTEXT ( 'NONE', 'WORKASPACE' ) );
#195 = DIRECTION ( 'NONE',  ( 1.000000000000000000, 0.000000000000000000, -1.133806193448893442E-16 ) ) ;
#196 = EDGE_CURVE ( 'NONE', #849, #437, #1129, .T. ) ;
#197 = AXIS2_PLACEMENT_3D ( 'NONE', #1290, #1435, #251 ) ;
#198 = DIRECTION ( 'NONE',  ( 1.000000000000000000, -0.000000000000000000, -1.133806193448893442E-16 ) ) ;
#199 = CIRCLE ( 'NONE', #900, 0.3000000000000016542 ) ;
#200 = CARTESIAN_POINT ( 'NONE',  ( 6.499999999999991118, 1.501110699893025924, 3.673940397442060115E-17 ) ) ;
#201 = AXIS2_PLACEMENT_3D ( 'NONE', #188, #755, #611 ) ;
#202 = ORIENTED_EDGE ( 'NONE', *, *, #1534, .T. ) ;
#203 = DIRECTION ( 'NONE',  ( 0.000000000000000000, 0.000000000000000000, -1.000000000000000000 ) ) ;
#204 = ORIENTED_EDGE ( 'NONE', *, *, #786, .T. ) ;
#205 = FACE_OUTER_BOUND ( 'NONE', #1754, .T. ) ;
#206 = EDGE_CURVE ( 'NONE', #1409, #1131, #1699, .T. ) ;
#207 = DIRECTION ( 'NONE',  ( -0.000000000000000000, -0.000000000000000000, 1.000000000000000000 ) ) ;
#208 = PLANE ( 'NONE',  #115 ) ;
#209 = EDGE_CURVE ( 'NONE', #1288, #726, #643, .T. ) ;
#210 = DIRECTION ( 'NONE',  ( 0.000000000000000000, 1.000000000000000000, 0.000000000000000000 ) ) ;
#211 = VERTEX_POINT ( 'NONE', #796 ) ;
#212 = ORIENTED_EDGE ( 'NONE', *, *, #1529, .F. ) ;
#213 = DIRECTION ( 'NONE',  ( 3.617355405169677682E-16, -1.000000000000000000, 0.000000000000000000 ) ) ;
#214 = CYLINDRICAL_SURFACE ( 'NONE', #221, 0.2999999999999999334 ) ;
#215 = DIRECTION ( 'NONE',  ( 0.000000000000000000, -0.000000000000000000, -1.000000000000000000 ) ) ;
#216 = CARTESIAN_POINT ( 'NONE',  ( 7.650000000000002132, 5.000000000000000000, 2.499999999999999556 ) ) ;
#217 = PLANE ( 'NONE',  #408 ) ;
#218 = ORIENTED_EDGE ( 'NONE', *, *, #675, .T. ) ;
#219 = CIRCLE ( 'NONE', #1703, 0.2999999999999998779 ) ;
#220 = CARTESIAN_POINT ( 'NONE',  ( 6.349999999999988987, 1.241303078757695744, -3.673940397442060115E-17 ) ) ;
#221 = AXIS2_PLACEMENT_3D ( 'NONE', #1078, #1669, #1207 ) ;
#222 = VECTOR ( 'NONE', #1758, 1000.000000000000000 ) ;
#223 = CARTESIAN_POINT ( 'NONE',  ( -7.149999999999998579, 21.00000000000000000, 0.000000000000000000 ) ) ;
#224 = DIRECTION ( 'NONE',  ( 0.000000000000000000, 1.000000000000000000, 0.000000000000000000 ) ) ;
#225 = AXIS2_PLACEMENT_3D ( 'NONE', #637, #65, #1203 ) ;
#226 = CIRCLE ( 'NONE', #351, 0.09999999999999853451 ) ;
#227 = DIRECTION ( 'NONE',  ( -0.5000000000000025535, -0.8660254037844371533, 0.000000000000000000 ) ) ;
#228 = LINE ( 'NONE', #549, #28 ) ;
#229 = EDGE_CURVE ( 'NONE', #1821, #72, #1781, .T. ) ;
#230 = VERTEX_POINT ( 'NONE', #94 ) ;
#231 = PRODUCT_RELATED_PRODUCT_CATEGORY ( 'part', '', ( #569 ) ) ;
#232 = EDGE_LOOP ( 'NONE', ( #510, #734, #1502, #1073, #1830 ) ) ;
#233 = CARTESIAN_POINT ( 'NONE',  ( -7.649999999999997691, 21.00000000000000000, 2.500000000000001332 ) ) ;
#234 = DIRECTION ( 'NONE',  ( -1.000000000000000000, 0.000000000000000000, 0.000000000000000000 ) ) ;
#235 = DIRECTION ( 'NONE',  ( 0.000000000000000000, 0.000000000000000000, 1.000000000000000000 ) ) ;
#236 = CARTESIAN_POINT ( 'NONE',  ( 4.650000000000001243, 5.000000000000000000, 2.500000000000000444 ) ) ;
#237 = DIRECTION ( 'NONE',  ( -0.8660254037844371533, 0.5000000000000026645, -0.000000000000000000 ) ) ;
#238 = EDGE_CURVE ( 'NONE', #185, #1419, #1459, .T. ) ;
#239 = ORIENTED_EDGE ( 'NONE', *, *, #122, .T. ) ;
#240 = CARTESIAN_POINT ( 'NONE',  ( -7.299999999999989164, 0.3464101615137712420, 0.000000000000000000 ) ) ;
#241 = DIRECTION ( 'NONE',  ( 1.000000000000000000, 0.000000000000000000, 0.000000000000000000 ) ) ;
#242 = DIRECTION ( 'NONE',  ( -0.000000000000000000, -0.000000000000000000, 1.000000000000000000 ) ) ;
#243 = DIRECTION ( 'NONE',  ( -1.000000000000000000, 1.029992063861228226E-15, 0.000000000000000000 ) ) ;
#244 = ORIENTED_EDGE ( 'NONE', *, *, #1697, .F. ) ;
#245 = DIRECTION ( 'NONE',  ( 1.000000000000000000, -0.000000000000000000, -1.133806193448893442E-16 ) ) ;
#246 = CLOSED_SHELL ( 'NONE', ( #1512, #139, #538, #1065, #1351, #964, #966, #969, #162, #1636, #38, #730, #1454, #578, #93, #956 ) ) ;
#247 = CARTESIAN_POINT ( 'NONE',  ( -4.649999999999997691, 5.000000000000000000, 2.500000000000000444 ) ) ;
#248 = ORIENTED_EDGE ( 'NONE', *, *, #815, .T. ) ;
#249 = VERTEX_POINT ( 'NONE', #384 ) ;
#250 = DIRECTION ( 'NONE',  ( 1.000000000000000000, 0.000000000000000000, 0.000000000000000000 ) ) ;
#251 = DIRECTION ( 'NONE',  ( 0.000000000000000000, -0.000000000000000000, 1.000000000000000000 ) ) ;
#252 = VECTOR ( 'NONE', #1682, 1000.000000000000000 ) ;
#253 = AXIS2_PLACEMENT_3D ( 'NONE', #1730, #1722, #1704 ) ;
#254 = ADVANCED_FACE ( 'NONE', ( #967 ), #1535, .F. ) ;
#255 = AXIS2_PLACEMENT_3D ( 'NONE', #1716, #723, #844 ) ;
#256 = DIRECTION ( 'NONE',  ( -1.000000000000000000, 0.000000000000000000, -0.000000000000000000 ) ) ;
#257 =( GEOMETRIC_REPRESENTATION_CONTEXT ( 3 ) GLOBAL_UNCERTAINTY_ASSIGNED_CONTEXT ( ( #1063 ) ) GLOBAL_UNIT_ASSIGNED_CONTEXT ( ( #1292, #443, #1437 ) ) REPRESENTATION_CONTEXT ( 'NONE', 'WORKASPACE' ) );
#258 = DIRECTION ( 'NONE',  ( 0.000000000000000000, 1.000000000000000000, 0.000000000000000000 ) ) ;
#259 = VECTOR ( 'NONE', #1683, 1000.000000000000000 ) ;
#260 = ORIENTED_EDGE ( 'NONE', *, *, #1625, .T. ) ;
#261 = AXIS2_PLACEMENT_3D ( 'NONE', #1806, #258, #837 ) ;
#262 = AXIS2_PLACEMENT_3D ( 'NONE', #1592, #699, #1702 ) ;
#263 = DIRECTION ( 'NONE',  ( -0.000000000000000000, -0.000000000000000000, -1.000000000000000000 ) ) ;
#264 = CARTESIAN_POINT ( 'NONE',  ( -7.499999999999992006, -5.204170427930421283E-15, 0.000000000000000000 ) ) ;
#265 = CARTESIAN_POINT ( 'NONE',  ( 7.149999999999987921, 0.08660254037844096475, 0.000000000000000000 ) ) ;
#266 =( LENGTH_UNIT ( ) NAMED_UNIT ( * ) SI_UNIT ( .MILLI., .METRE. ) );
#267 = DIRECTION ( 'NONE',  ( -1.000000000000000000, 1.029992063861227437E-15, 0.000000000000000000 ) ) ;
#268 = CARTESIAN_POINT ( 'NONE',  ( 7.499999999999992006, 5.399999999999980815, 0.000000000000000000 ) ) ;
#269 = ORIENTED_EDGE ( 'NONE', *, *, #914, .F. ) ;
#270 = VERTEX_POINT ( 'NONE', #1544 ) ;
#271 = DIRECTION ( 'NONE',  ( -0.8660254037844371533, -0.5000000000000026645, 0.000000000000000000 ) ) ;
#272 = DIRECTION ( 'NONE',  ( 1.000000000000000000, -0.000000000000000000, -0.000000000000000000 ) ) ;
#273 = CARTESIAN_POINT ( 'NONE',  ( 7.799999999999991829, 5.399999999999980815, -3.673940397442060115E-17 ) ) ;
#274 = EDGE_CURVE ( 'NONE', #1434, #1288, #297, .T. ) ;
#275 = CARTESIAN_POINT ( 'NONE',  ( 7.499999999999991118, -5.204170427930421283E-15, 0.000000000000000000 ) ) ;
#276 = CARTESIAN_POINT ( 'NONE',  ( 7.150000000000003020, 21.50000000000000000, -2.000000000000001332 ) ) ;
#277 = ORIENTED_EDGE ( 'NONE', *, *, #209, .T. ) ;
#278 = VERTEX_POINT ( 'NONE', #878 ) ;
#279 = ORIENTED_EDGE ( 'NONE', *, *, #511, .F. ) ;
#280 = PLANE ( 'NONE',  #1020 ) ;
#281 = DIRECTION ( 'NONE',  ( 0.000000000000000000, 1.000000000000000000, -0.000000000000000000 ) ) ;
#282 = EDGE_CURVE ( 'NONE', #1250, #688, #1336, .T. ) ;
#283 = LINE ( 'NONE', #11, #193 ) ;
#284 = DIRECTION ( 'NONE',  ( 0.000000000000000000, -1.000000000000000000, 0.000000000000000000 ) ) ;
#285 = VECTOR ( 'NONE', #866, 999.9999999999998863 ) ;
#286 = VECTOR ( 'NONE', #134, 1000.000000000000000 ) ;
#287 = EDGE_LOOP ( 'NONE', ( #1421, #751, #794, #189 ) ) ;
#288 = AXIS2_PLACEMENT_3D ( 'NONE', #1711, #1570, #537 ) ;
#289 = ORIENTED_EDGE ( 'NONE', *, *, #758, .T. ) ;
#290 = ORIENTED_EDGE ( 'NONE', *, *, #1393, .F. ) ;
#291 = AXIS2_PLACEMENT_3D ( 'NONE', #1169, #1748, #857 ) ;
#292 = SPHERICAL_SURFACE ( 'NONE', #1787, 0.5000000000000000000 ) ;
#293 =( GEOMETRIC_REPRESENTATION_CONTEXT ( 3 ) GLOBAL_UNCERTAINTY_ASSIGNED_CONTEXT ( ( #1629 ) ) GLOBAL_UNIT_ASSIGNED_CONTEXT ( ( #1438, #444, #1294 ) ) REPRESENTATION_CONTEXT ( 'NONE', 'WORKASPACE' ) );
#294 = EDGE_CURVE ( 'NONE', #1745, #471, #590, .T. ) ;
#295 = CARTESIAN_POINT ( 'NONE',  ( 7.650000000000001243, 5.400000000000002132, -2.500000000000001332 ) ) ;
#296 =( NAMED_UNIT ( * ) PLANE_ANGLE_UNIT ( ) SI_UNIT ( $, .RADIAN. ) );
#297 = LINE ( 'NONE', #1137, #314 ) ;
#298 = LINE ( 'NONE', #1285, #1215 ) ;
#299 = ORIENTED_EDGE ( 'NONE', *, *, #22, .F. ) ;
#300 = EDGE_CURVE ( 'NONE', #1171, #1070, #167, .T. ) ;
#301 = ORIENTED_EDGE ( 'NONE', *, *, #1110, .F. ) ;
#302 = DIRECTION ( 'NONE',  ( 0.000000000000000000, -0.000000000000000000, 1.000000000000000000 ) ) ;
#303 = FACE_OUTER_BOUND ( 'NONE', #1306, .T. ) ;
#304 = CARTESIAN_POINT ( 'NONE',  ( 7.150000000000002132, 5.000000000000000000, -2.249999999999995559 ) ) ;
#305 = CARTESIAN_POINT ( 'NONE',  ( 7.150000000000002132, 5.400000000000001243, -2.249999999999995559 ) ) ;
#306 = CARTESIAN_POINT ( 'NONE',  ( 7.150000000000002132, 21.00000000000000000, 2.499999999999999556 ) ) ;
#307 = ORIENTED_EDGE ( 'NONE', *, *, #616, .F. ) ;
#308 = ORIENTED_EDGE ( 'NONE', *, *, #10, .T. ) ;
#309 = DIRECTION ( 'NONE',  ( -0.5000000000000025535, -0.8660254037844371533, 0.000000000000000000 ) ) ;
#310 = EDGE_CURVE ( 'NONE', #1598, #278, #856, .T. ) ;
#311 = ADVANCED_FACE ( 'NONE', ( #1304 ), #1455, .T. ) ;
#312 = CARTESIAN_POINT ( 'NONE',  ( -4.649999999999997691, 5.000000000000000000, -2.500000000000001332 ) ) ;
#313 = DIRECTION ( 'NONE',  ( 0.000000000000000000, -0.000000000000000000, -1.000000000000000000 ) ) ;
#314 = VECTOR ( 'NONE', #425, 1000.000000000000000 ) ;
#315 = ORIENTED_EDGE ( 'NONE', *, *, #530, .T. ) ;
#316 = EDGE_CURVE ( 'NONE', #1360, #1171, #283, .T. ) ;
#317 = COLOUR_RGB ( '',0.7921568627450980005, 0.8196078431372548767, 0.9333333333333333481 ) ;
#318 = ORIENTED_EDGE ( 'NONE', *, *, #770, .F. ) ;
#319 = AXIS2_PLACEMENT_3D ( 'NONE', #1452, #57, #1638 ) ;
#320 = VECTOR ( 'NONE', #1004, 1000.000000000000000 ) ;
#321 = CARTESIAN_POINT ( 'NONE',  ( -7.149999999999997691, 5.400000000000001243, -2.499999999999998668 ) ) ;
#322 = PRESENTATION_LAYER_ASSIGNMENT (  '', '', ( #1218 ) ) ;
#323 = DIRECTION ( 'NONE',  ( -0.8660254037844373753, 0.5000000000000025535, -0.000000000000000000 ) ) ;
#324 = CYLINDRICAL_SURFACE ( 'NONE', #620, 0.3000000000000001554 ) ;
#325 = ORIENTED_EDGE ( 'NONE', *, *, #475, .F. ) ;
#326 = ORIENTED_EDGE ( 'NONE', *, *, #1458, .T. ) ;
#327 = DIRECTION ( 'NONE',  ( 1.000000000000000000, 1.029992063861227437E-15, 0.000000000000000000 ) ) ;
#328 = CARTESIAN_POINT ( 'NONE',  ( 7.099999999999989875, -3.035766082959412415E-15, 0.000000000000000000 ) ) ;
#329 = EDGE_CURVE ( 'NONE', #142, #471, #714, .T. ) ;
#330 = LINE ( 'NONE', #913, #686 ) ;
#331 = ORIENTED_EDGE ( 'NONE', *, *, #1319, .F. ) ;
#332 = CARTESIAN_POINT ( 'NONE',  ( -7.499999999999992006, -5.000000000000004441, 0.000000000000000000 ) ) ;
#333 = ORIENTED_EDGE ( 'NONE', *, *, #1141, .T. ) ;
#334 = EDGE_CURVE ( 'NONE', #1745, #1821, #1440, .T. ) ;
#335 = CLOSED_SHELL ( 'NONE', ( #1162, #1594, #1172, #782, #254, #428, #974, #1144, #1037, #43, #1841, #1049, #1676, #1009, #1808, #628, #1052, #1692, #706, #63, #392, #1487, #963, #534, #311, #633, #998, #1600, #1761, #372, #365, #1198, #1759, #96 ) ) ;
#336 = LINE ( 'NONE', #1601, #168 ) ;
#337 = EDGE_LOOP ( 'NONE', ( #606, #1749, #1827, #1828 ) ) ;
#338 = DIRECTION ( 'NONE',  ( -0.5000000000000025535, -0.8660254037844371533, 0.000000000000000000 ) ) ;
#339 = CARTESIAN_POINT ( 'NONE',  ( -7.149999999999998579, 5.000000000000000000, -2.500000000000001332 ) ) ;
#340 = ADVANCED_FACE ( 'NONE', ( #147 ), #1567, .T. ) ;
#341 = VERTEX_POINT ( 'NONE', #305 ) ;
#342 = LINE ( 'NONE', #490, #619 ) ;
#343 = EDGE_LOOP ( 'NONE', ( #1202, #1308, #513, #439 ) ) ;
#344 = VECTOR ( 'NONE', #1515, 1000.000000000000000 ) ;
#345 = ORIENTED_EDGE ( 'NONE', *, *, #1573, .F. ) ;
#346 = VECTOR ( 'NONE', #195, 1000.000000000000000 ) ;
#347 = FACE_OUTER_BOUND ( 'NONE', #1619, .T. ) ;
#348 = CIRCLE ( 'NONE', #1402, 0.2999999999999999334 ) ;
#349 = EDGE_CURVE ( 'NONE', #768, #1386, #462, .T. ) ;
#350 = CARTESIAN_POINT ( 'NONE',  ( 6.199999999999988631, 0.9814954576223642313, 0.000000000000000000 ) ) ;
#351 = AXIS2_PLACEMENT_3D ( 'NONE', #1467, #478, #896 ) ;
#352 = CARTESIAN_POINT ( 'NONE',  ( -7.499999999999992006, -5.204170427930421283E-15, -0.3000000000000000999 ) ) ;
#353 = AXIS2_PLACEMENT_3D ( 'NONE', #1507, #1548, #243 ) ;
#354 = ORIENTED_EDGE ( 'NONE', *, *, #1272, .T. ) ;
#355 = DIRECTION ( 'NONE',  ( -0.000000000000000000, 1.000000000000000000, 0.000000000000000000 ) ) ;
#356 = ORIENTED_EDGE ( 'NONE', *, *, #870, .F. ) ;
#357 = CYLINDRICAL_SURFACE ( 'NONE', #1558, 0.3000000000000000999 ) ;
#358 = PLANE ( 'NONE',  #353 ) ;
#359 = DIRECTION ( 'NONE',  ( -1.000000000000000000, 0.000000000000000000, 1.133806193448893442E-16 ) ) ;
#360 = DIRECTION ( 'NONE',  ( 1.000000000000000000, -0.000000000000000000, 0.000000000000000000 ) ) ;
#361 = VERTEX_POINT ( 'NONE', #580 ) ;
#362 = EDGE_CURVE ( 'NONE', #1434, #1250, #1461, .T. ) ;
#363 = DIRECTION ( 'NONE',  ( 0.5000000000000025535, -0.8660254037844371533, 0.000000000000000000 ) ) ;
#364 = DIRECTION ( 'NONE',  ( 0.000000000000000000, 0.000000000000000000, -1.000000000000000000 ) ) ;
#365 = ADVANCED_FACE ( 'NONE', ( #2 ), #1448, .F. ) ;
#366 = PRESENTATION_STYLE_ASSIGNMENT (( #1219 ) ) ;
#367 = DIRECTION ( 'NONE',  ( 0.000000000000000000, 1.000000000000000000, 0.000000000000000000 ) ) ;
#368 = EDGE_CURVE ( 'NONE', #1389, #1434, #1397, .T. ) ;
#369 = DIRECTION ( 'NONE',  ( 0.000000000000000000, 0.000000000000000000, -1.000000000000000000 ) ) ;
#370 = DIRECTION ( 'NONE',  ( 0.5000000000000024425, -0.8660254037844373753, 0.000000000000000000 ) ) ;
#371 = ORIENTED_EDGE ( 'NONE', *, *, #760, .F. ) ;
#372 = ADVANCED_FACE ( 'NONE', ( #1742 ), #1836, .T. ) ;
#373 = CARTESIAN_POINT ( 'NONE',  ( 6.199999999999988631, 0.9814954576223642313, 0.000000000000000000 ) ) ;
#374 = AXIS2_PLACEMENT_3D ( 'NONE', #1192, #1174, #477 ) ;
#375 = CIRCLE ( 'NONE', #1556, 0.3000000000000000999 ) ;
#376 = CARTESIAN_POINT ( 'NONE',  ( 7.299999999999991829, 2.655811238272279162, 0.000000000000000000 ) ) ;
#377 = DIRECTION ( 'NONE',  ( 1.000000000000000000, 0.000000000000000000, 0.000000000000000000 ) ) ;
#378 = CIRCLE ( 'NONE', #867, 0.2999999999999999334 ) ;
#379 = AXIS2_PLACEMENT_3D ( 'NONE', #542, #399, #370 ) ;
#380 = ORIENTED_EDGE ( 'NONE', *, *, #1652, .F. ) ;
#381 = CARTESIAN_POINT ( 'NONE',  ( 7.799999999999989164, -5.513168047088788469E-15, 0.000000000000000000 ) ) ;
#382 = VECTOR ( 'NONE', #1268, 1000.000000000000000 ) ;
#383 = VERTEX_POINT ( 'NONE', #548 ) ;
#384 = CARTESIAN_POINT ( 'NONE',  ( -7.149999999999998579, 21.50000000000000000, 2.000000000000001332 ) ) ;
#385 = CARTESIAN_POINT ( 'NONE',  ( -7.149999999999998579, 5.000000000000000000, -2.500000000000001332 ) ) ;
#386 =( LENGTH_UNIT ( ) NAMED_UNIT ( * ) SI_UNIT ( .MILLI., .METRE. ) );
#387 = PLANE ( 'NONE',  #1680 ) ;
#388 = ORIENTED_EDGE ( 'NONE', *, *, #209, .F. ) ;
#389 = DIRECTION ( 'NONE',  ( 0.000000000000000000, 0.000000000000000000, -1.000000000000000000 ) ) ;
#390 = DIRECTION ( 'NONE',  ( 1.000000000000000000, 1.445602896647339508E-15, 0.000000000000000000 ) ) ;
#391 = ORIENTED_EDGE ( 'NONE', *, *, #488, .F. ) ;
#392 = ADVANCED_FACE ( 'NONE', ( #128 ), #702, .T. ) ;
#393 = LINE ( 'NONE', #667, #1335 ) ;
#394 = DIRECTION ( 'NONE',  ( 0.5000000000000025535, -0.8660254037844371533, 0.000000000000000000 ) ) ;
#395 = CARTESIAN_POINT ( 'NONE',  ( -7.099999999999990763, 3.002221399786054068, 0.000000000000000000 ) ) ;
#396 = CARTESIAN_POINT ( 'NONE',  ( -4.649999999999997691, 5.400000000000000355, 2.500000000000000444 ) ) ;
#397 = VERTEX_POINT ( 'NONE', #417 ) ;
#398 = PLANE ( 'NONE',  #21 ) ;
#399 = DIRECTION ( 'NONE',  ( -0.8660254037844375974, -0.5000000000000018874, -0.000000000000000000 ) ) ;
#400 = EDGE_LOOP ( 'NONE', ( #143, #1139, #1023, #915 ) ) ;
#401 = DIRECTION ( 'NONE',  ( -1.000000000000000000, 0.000000000000000000, 0.000000000000000000 ) ) ;
#402 = CARTESIAN_POINT ( 'NONE',  ( 4.650000000000001243, 5.000000000000000000, -2.500000000000001332 ) ) ;
#403 = VECTOR ( 'NONE', #207, 1000.000000000000000 ) ;
#404 = DIRECTION ( 'NONE',  ( 1.000000000000000000, -1.734723475976805517E-15, 1.734723475976805517E-15 ) ) ;
#405 = CIRCLE ( 'NONE', #1399, 0.2999999999999998779 ) ;
#406 = ORIENTED_EDGE ( 'NONE', *, *, #316, .F. ) ;
#407 = CARTESIAN_POINT ( 'NONE',  ( 7.150000000000002132, 21.00000000000000000, 1.240327285323417270E-15 ) ) ;
#408 = AXIS2_PLACEMENT_3D ( 'NONE', #1482, #360, #203 ) ;
#409 = FACE_OUTER_BOUND ( 'NONE', #694, .T. ) ;
#410 = AXIS2_PLACEMENT_3D ( 'NONE', #3, #1576, #1011 ) ;
#411 = ORIENTED_EDGE ( 'NONE', *, *, #274, .F. ) ;
#412 = AXIS2_PLACEMENT_3D ( 'NONE', #886, #1424, #416 ) ;
#413 = ORIENTED_EDGE ( 'NONE', *, *, #7, .T. ) ;
#414 = DIRECTION ( 'NONE',  ( 0.000000000000000000, -1.000000000000000000, 0.000000000000000000 ) ) ;
#415 = FILL_AREA_STYLE_COLOUR ( '', #317 ) ;
#416 = DIRECTION ( 'NONE',  ( 1.000000000000000000, 0.000000000000000000, 0.000000000000000000 ) ) ;
#417 = CARTESIAN_POINT ( 'NONE',  ( -7.649999999999997691, 21.00000000000000000, 2.000000000000001332 ) ) ;
#418 = CARTESIAN_POINT ( 'NONE',  ( 7.650000000000003020, 21.50000000000000000, -2.000000000000000888 ) ) ;
#419 = ORIENTED_EDGE ( 'NONE', *, *, #126, .F. ) ;
#420 = EDGE_LOOP ( 'NONE', ( #600, #566, #873, #1586 ) ) ;
#421 = ORIENTED_EDGE ( 'NONE', *, *, #294, .T. ) ;
#422 = DIRECTION ( 'NONE',  ( -1.000000000000000000, -1.734723475976805517E-15, 1.734723475976805517E-15 ) ) ;
#423 = CARTESIAN_POINT ( 'NONE',  ( -7.499999999999992006, -5.000000000000004441, 0.000000000000000000 ) ) ;
#424 = EDGE_CURVE ( 'NONE', #560, #1598, #1003, .T. ) ;
#425 = DIRECTION ( 'NONE',  ( 0.000000000000000000, -1.000000000000000000, 0.000000000000000000 ) ) ;
#426 = EDGE_CURVE ( 'NONE', #1389, #636, #1814, .T. ) ;
#427 = CARTESIAN_POINT ( 'NONE',  ( 7.499999999999992006, -5.204170427930422072E-15, -0.3000000000000000999 ) ) ;
#428 = ADVANCED_FACE ( 'NONE', ( #1182 ), #748, .T. ) ;
#429 = ORIENTED_EDGE ( 'NONE', *, *, #426, .F. ) ;
#430 = ORIENTED_EDGE ( 'NONE', *, *, #1612, .F. ) ;
#431 = DIRECTION ( 'NONE',  ( 1.000000000000000000, 0.000000000000000000, 0.000000000000000000 ) ) ;
#432 = FILL_AREA_STYLE ('',( #586 ) ) ;
#433 = DIRECTION ( 'NONE',  ( -1.000000000000000000, 0.000000000000000000, -0.000000000000000000 ) ) ;
#434 = EDGE_CURVE ( 'NONE', #397, #608, #1472, .T. ) ;
#435 = CARTESIAN_POINT ( 'NONE',  ( 6.499999999999991118, 1.501110699893025924, 0.000000000000000000 ) ) ;
#436 = VECTOR ( 'NONE', #187, 1000.000000000000000 ) ;
#437 = VERTEX_POINT ( 'NONE', #1747 ) ;
#438 = CIRCLE ( 'NONE', #79, 0.2999999999999999334 ) ;
#439 = ORIENTED_EDGE ( 'NONE', *, *, #880, .T. ) ;
#440 = AXIS2_PLACEMENT_3D ( 'NONE', #1479, #1208, #1054 ) ;
#441 = LINE ( 'NONE', #584, #1853 ) ;
#442 = COLOUR_RGB ( '',0.7921568627450980005, 0.8196078431372548767, 0.9333333333333333481 ) ;
#443 =( NAMED_UNIT ( * ) PLANE_ANGLE_UNIT ( ) SI_UNIT ( $, .RADIAN. ) );
#444 =( NAMED_UNIT ( * ) PLANE_ANGLE_UNIT ( ) SI_UNIT ( $, .RADIAN. ) );
#445 = CARTESIAN_POINT ( 'NONE',  ( -7.149999999999998579, 21.00000000000000000, -1.999999999999998668 ) ) ;
#446 = DIRECTION ( 'NONE',  ( 0.000000000000000000, 1.000000000000000000, 0.000000000000000000 ) ) ;
#447 = EDGE_LOOP ( 'NONE', ( #1128, #1442 ) ) ;
#448 = ORIENTED_EDGE ( 'NONE', *, *, #1826, .T. ) ;
#449 = EDGE_CURVE ( 'NONE', #270, #1165, #458, .T. ) ;
#450 = CARTESIAN_POINT ( 'NONE',  ( -7.499999999999992006, -5.204170427930421283E-15, 0.3000000000000000999 ) ) ;
#451 = CARTESIAN_POINT ( 'NONE',  ( 7.299999999999991829, 2.655811238272280050, 0.000000000000000000 ) ) ;
#452 = CARTESIAN_POINT ( 'NONE',  ( -7.149999999999998579, 5.399999999999999467, 2.500000000000000444 ) ) ;
#453 = ADVANCED_FACE ( 'NONE', ( #1634 ), #1606, .T. ) ;
#454 = ORIENTED_EDGE ( 'NONE', *, *, #1293, .F. ) ;
#455 = VERTEX_POINT ( 'NONE', #1478 ) ;
#456 = AXIS2_PLACEMENT_3D ( 'NONE', #1251, #783, #961 ) ;
#457 = DIRECTION ( 'NONE',  ( 0.000000000000000000, 0.000000000000000000, -1.000000000000000000 ) ) ;
#458 = LINE ( 'NONE', #762, #862 ) ;
#459 = CARTESIAN_POINT ( 'NONE',  ( 7.299999999999991829, 2.655811238272280050, 0.000000000000000000 ) ) ;
#460 = AXIS2_PLACEMENT_3D ( 'NONE', #536, #1822, #1103 ) ;
#461 = EDGE_LOOP ( 'NONE', ( #1317, #184, #1840, #1076 ) ) ;
#462 = CIRCLE ( 'NONE', #710, 0.5000000000000000000 ) ;
#463 = AXIS2_PLACEMENT_3D ( 'NONE', #991, #1721, #1415 ) ;
#464 = EDGE_LOOP ( 'NONE', ( #1057, #1792, #1851, #1578 ) ) ;
#465 = PRESENTATION_LAYER_ASSIGNMENT (  '', '', ( #26 ) ) ;
#466 = EDGE_CURVE ( 'NONE', #1171, #936, #1309, .T. ) ;
#467 = DIRECTION ( 'NONE',  ( 0.000000000000000000, -1.000000000000000000, 0.000000000000000000 ) ) ;
#468 = CARTESIAN_POINT ( 'NONE',  ( -7.499999999999991118, 3.002221399786053624, 0.000000000000000000 ) ) ;
#469 = DIRECTION ( 'NONE',  ( -1.734723475976806848E-16, -0.000000000000000000, 1.000000000000000000 ) ) ;
#470 = ADVANCED_FACE ( 'NONE', ( #1053 ), #932, .T. ) ;
#471 = VERTEX_POINT ( 'NONE', #895 ) ;
#472 = FILL_AREA_STYLE_COLOUR ( '', #1280 ) ;
#473 = UNCERTAINTY_MEASURE_WITH_UNIT (LENGTH_MEASURE( 1.000000000000000082E-05 ), #266, 'distance_accuracy_value', 'NONE');
#474 = EDGE_LOOP ( 'NONE', ( #1709, #169, #657, #901 ) ) ;
#475 = EDGE_CURVE ( 'NONE', #1140, #1538, #492, .T. ) ;
#476 = CARTESIAN_POINT ( 'NONE',  ( 7.299999999999989164, 0.3464101615137712420, 0.000000000000000000 ) ) ;
#477 = DIRECTION ( 'NONE',  ( 0.5000000000000025535, -0.8660254037844371533, 0.000000000000000000 ) ) ;
#478 = DIRECTION ( 'NONE',  ( 0.000000000000000000, 0.000000000000000000, 1.000000000000000000 ) ) ;
#479 = EDGE_LOOP ( 'NONE', ( #1665, #1111, #108, #1095 ) ) ;
#480 = CARTESIAN_POINT ( 'NONE',  ( -4.896396907999058565E-17, 5.400000000000000355, 2.500000000000000444 ) ) ;
#481 = EDGE_LOOP ( 'NONE', ( #31, #1798, #775, #1597 ) ) ;
#482 = EDGE_CURVE ( 'NONE', #437, #849, #1756, .T. ) ;
#483 = CIRCLE ( 'NONE', #456, 0.2999999999999998779 ) ;
#484 = CYLINDRICAL_SURFACE ( 'NONE', #1677, 0.2999999999999999334 ) ;
#485 = DIRECTION ( 'NONE',  ( 1.000000000000000000, 0.000000000000000000, -0.000000000000000000 ) ) ;
#486 = VECTOR ( 'NONE', #245, 1000.000000000000000 ) ;
#487 = DIRECTION ( 'NONE',  ( 0.5000000000000001110, 0.8660254037844385966, 0.000000000000000000 ) ) ;
#488 = EDGE_CURVE ( 'NONE', #636, #662, #75, .T. ) ;
#489 = ORIENTED_EDGE ( 'NONE', *, *, #1688, .F. ) ;
#490 = CARTESIAN_POINT ( 'NONE',  ( -7.649999999999997691, 5.400000000000000355, -2.500000000000001332 ) ) ;
#491 = VECTOR ( 'NONE', #804, 1000.000000000000000 ) ;
#492 = CIRCLE ( 'NONE', #1159, 0.6999999999999948486 ) ;
#493 = ORIENTED_EDGE ( 'NONE', *, *, #174, .F. ) ;
#494 = VECTOR ( 'NONE', #1773, 1000.000000000000000 ) ;
#495 = EDGE_LOOP ( 'NONE', ( #113, #704, #744, #1273 ) ) ;
#496 = VECTOR ( 'NONE', #691, 1000.000000000000000 ) ;
#497 = DIRECTION ( 'NONE',  ( 0.8660254037844375974, -0.5000000000000018874, -0.000000000000000000 ) ) ;
#498 = AXIS2_PLACEMENT_3D ( 'NONE', #1278, #117, #1727 ) ;
#499 = LINE ( 'NONE', #669, #403 ) ;
#500 = AXIS2_PLACEMENT_3D ( 'NONE', #672, #1817, #165 ) ;
#501 = PLANE ( 'NONE',  #171 ) ;
#502 = VECTOR ( 'NONE', #933, 1000.000000000000000 ) ;
#503 = DIRECTION ( 'NONE',  ( -0.000000000000000000, -0.000000000000000000, -1.000000000000000000 ) ) ;
#504 = DIRECTION ( 'NONE',  ( 1.000000000000000000, 0.000000000000000000, -0.000000000000000000 ) ) ;
#505 = ORIENTED_EDGE ( 'NONE', *, *, #238, .F. ) ;
#506 = CARTESIAN_POINT ( 'NONE',  ( -7.649999999999997691, 21.50000000000000000, 2.500000000000001332 ) ) ;
#507 = EDGE_CURVE ( 'NONE', #86, #1330, #1067, .T. ) ;
#508 = DIRECTION ( 'NONE',  ( 0.000000000000000000, -0.000000000000000000, 1.000000000000000000 ) ) ;
#509 = LINE ( 'NONE', #236, #801 ) ;
#510 = ORIENTED_EDGE ( 'NONE', *, *, #1612, .T. ) ;
#511 = EDGE_CURVE ( 'NONE', #437, #695, #1554, .T. ) ;
#512 = DIRECTION ( 'NONE',  ( 1.029992063861228226E-15, -1.000000000000000000, 0.000000000000000000 ) ) ;
#513 = ORIENTED_EDGE ( 'NONE', *, *, #666, .T. ) ;
#514 = EDGE_CURVE ( 'NONE', #35, #1708, #1348, .T. ) ;
#515 = ORIENTED_EDGE ( 'NONE', *, *, #514, .T. ) ;
#516 = FACE_OUTER_BOUND ( 'NONE', #1370, .T. ) ;
#517 = DIRECTION ( 'NONE',  ( 1.000000000000000000, -0.000000000000000000, -0.000000000000000000 ) ) ;
#518 = LINE ( 'NONE', #1093, #793 ) ;
#519 = FACE_OUTER_BOUND ( 'NONE', #750, .T. ) ;
#520 = DIRECTION ( 'NONE',  ( 1.029992063861228226E-15, -1.000000000000000000, 0.000000000000000000 ) ) ;
#521 = SURFACE_STYLE_FILL_AREA ( #1056 ) ;
#522 = ORIENTED_EDGE ( 'NONE', *, *, #310, .F. ) ;
#523 = DIRECTION ( 'NONE',  ( 0.000000000000000000, 0.000000000000000000, 1.000000000000000000 ) ) ;
#524 = CARTESIAN_POINT ( 'NONE',  ( 4.650000000000001243, 5.400000000000001243, -2.249999999999995559 ) ) ;
#525 = MECHANICAL_DESIGN_GEOMETRIC_PRESENTATION_REPRESENTATION (  '', ( #1671 ), #194 ) ;
#526 = EDGE_CURVE ( 'NONE', #160, #693, #1465, .T. ) ;
#527 = DIRECTION ( 'NONE',  ( 0.000000000000000000, 0.000000000000000000, -1.000000000000000000 ) ) ;
#528 = CARTESIAN_POINT ( 'NONE',  ( 7.150000000000002132, 5.000000000000000000, -2.500000000000001332 ) ) ;
#529 = AXIS2_PLACEMENT_3D ( 'NONE', #264, #414, #1422 ) ;
#530 = EDGE_CURVE ( 'NONE', #838, #159, #1734, .T. ) ;
#531 = ORIENTED_EDGE ( 'NONE', *, *, #1549, .F. ) ;
#532 = TOROIDAL_SURFACE ( 'NONE', #869, 0.3999999999999949707, 0.3000000000000000999 ) ;
#533 = ORIENTED_EDGE ( 'NONE', *, *, #845, .F. ) ;
#534 = ADVANCED_FACE ( 'NONE', ( #754 ), #604, .T. ) ;
#535 = ORIENTED_EDGE ( 'NONE', *, *, #1429, .F. ) ;
#536 = CARTESIAN_POINT ( 'NONE',  ( -6.199999999999991296, 2.020725942163689837, 0.000000000000000000 ) ) ;
#537 = DIRECTION ( 'NONE',  ( -1.000000000000000000, 0.000000000000000000, 0.000000000000000000 ) ) ;
#538 = ADVANCED_FACE ( 'NONE', ( #610 ), #765, .T. ) ;
#539 = PLANE ( 'NONE',  #1650 ) ;
#540 = ORIENTED_EDGE ( 'NONE', *, *, #852, .T. ) ;
#541 = ORIENTED_EDGE ( 'NONE', *, *, #1508, .F. ) ;
#542 = CARTESIAN_POINT ( 'NONE',  ( -6.199999999999988631, 0.9814954576223642313, 0.000000000000000000 ) ) ;
#543 = ORIENTED_EDGE ( 'NONE', *, *, #1656, .T. ) ;
#544 = DIRECTION ( 'NONE',  ( -0.000000000000000000, -0.000000000000000000, -1.000000000000000000 ) ) ;
#545 = CARTESIAN_POINT ( 'NONE',  ( -7.149999999999990585, 2.915618859407611563, 0.000000000000000000 ) ) ;
#546 = EDGE_CURVE ( 'NONE', #249, #397, #1642, .T. ) ;
#547 = CARTESIAN_POINT ( 'NONE',  ( -7.149999999999998579, 5.400000000000001243, 2.000000000000001332 ) ) ;
#548 = CARTESIAN_POINT ( 'NONE',  ( -7.149999999999998579, 5.000000000000000000, -2.500000000000001332 ) ) ;
#549 = CARTESIAN_POINT ( 'NONE',  ( -7.649999999999998579, 5.400000000000001243, -2.249999999999995559 ) ) ;
#550 = ORIENTED_EDGE ( 'NONE', *, *, #707, .T. ) ;
#551 = ORIENTED_EDGE ( 'NONE', *, *, #945, .F. ) ;
#552 = EDGE_LOOP ( 'NONE', ( #683, #1096, #150 ) ) ;
#553 = FACE_OUTER_BOUND ( 'NONE', #822, .T. ) ;
#554 = AXIS2_PLACEMENT_3D ( 'NONE', #1690, #1115, #523 ) ;
#555 = AXIS2_PLACEMENT_3D ( 'NONE', #1392, #508, #1378 ) ;
#556 = CYLINDRICAL_SURFACE ( 'NONE', #463, 0.5000000000000000000 ) ;
#557 = CYLINDRICAL_SURFACE ( 'NONE', #262, 0.5000000000000000000 ) ;
#558 = VECTOR ( 'NONE', #1526, 1000.000000000000000 ) ;
#559 = VERTEX_POINT ( 'NONE', #1812 ) ;
#560 = VERTEX_POINT ( 'NONE', #1684 ) ;
#561 = DIRECTION ( 'NONE',  ( 3.617355405169677682E-16, -1.000000000000000000, 0.000000000000000000 ) ) ;
#562 = VECTOR ( 'NONE', #1226, 1000.000000000000000 ) ;
#563 = LINE ( 'NONE', #1456, #1617 ) ;
#564 = AXIS2_PLACEMENT_3D ( 'NONE', #962, #1410, #83 ) ;
#565 = ORIENTED_EDGE ( 'NONE', *, *, #368, .F. ) ;
#566 = ORIENTED_EDGE ( 'NONE', *, *, #1393, .T. ) ;
#567 = CARTESIAN_POINT ( 'NONE',  ( 7.150000000000002132, 5.400000000000001243, 1.999999999999999556 ) ) ;
#568 = EDGE_CURVE ( 'NONE', #1098, #942, #499, .T. ) ;
#569 = PRODUCT ( 'ECQUBAF102V1', 'ECQUBAF102V1', '', ( #1572 ) ) ;
#570 = CARTESIAN_POINT ( 'NONE',  ( 7.150000000000002132, 21.00000000000000000, 1.999999999999999556 ) ) ;
#571 = EDGE_CURVE ( 'NONE', #1347, #361, #1785, .T. ) ;
#572 = DIRECTION ( 'NONE',  ( -1.000000000000000000, 1.029992063861227437E-15, 0.000000000000000000 ) ) ;
#573 = DIRECTION ( 'NONE',  ( -0.000000000000000000, 1.000000000000000000, -0.000000000000000000 ) ) ;
#574 = VERTEX_POINT ( 'NONE', #970 ) ;
#575 = EDGE_LOOP ( 'NONE', ( #551, #515, #331, #1755 ) ) ;
#576 = ORIENTED_EDGE ( 'NONE', *, *, #488, .T. ) ;
#577 = LINE ( 'NONE', #841, #1590 ) ;
#578 = ADVANCED_FACE ( 'NONE', ( #106 ), #214, .T. ) ;
#579 = FACE_OUTER_BOUND ( 'NONE', #1800, .T. ) ;
#580 = CARTESIAN_POINT ( 'NONE',  ( -4.649999999999997691, 5.000000000000000000, 2.249999999999999556 ) ) ;
#581 = DIRECTION ( 'NONE',  ( 0.000000000000000000, -1.000000000000000000, 0.000000000000000000 ) ) ;
#582 = ORIENTED_EDGE ( 'NONE', *, *, #1040, .F. ) ;
#583 = ORIENTED_EDGE ( 'NONE', *, *, #571, .T. ) ;
#584 = CARTESIAN_POINT ( 'NONE',  ( -4.649999999999997691, 5.000000000000000000, -2.249999999999995559 ) ) ;
#585 = FILL_AREA_STYLE ('',( #415 ) ) ;
#586 = FILL_AREA_STYLE_COLOUR ( '', #442 ) ;
#587 = VECTOR ( 'NONE', #1530, 1000.000000000000000 ) ;
#588 = DIRECTION ( 'NONE',  ( 1.000000000000000000, 0.000000000000000000, 0.000000000000000000 ) ) ;
#589 = DIRECTION ( 'NONE',  ( -0.8660254037844375974, -0.5000000000000018874, -0.000000000000000000 ) ) ;
#590 = CIRCLE ( 'NONE', #1069, 0.09999999999999506506 ) ;
#591 = VERTEX_POINT ( 'NONE', #1248 ) ;
#592 = EDGE_CURVE ( 'NONE', #560, #983, #518, .T. ) ;
#593 = AXIS2_PLACEMENT_3D ( 'NONE', #1657, #71, #1212 ) ;
#594 = VERTEX_POINT ( 'NONE', #1228 ) ;
#595 = CIRCLE ( 'NONE', #114, 0.3000000000000016542 ) ;
#596 = VECTOR ( 'NONE', #979, 1000.000000000000000 ) ;
#597 = CARTESIAN_POINT ( 'NONE',  ( -7.299999999999991829, 2.655811238272280050, 0.000000000000000000 ) ) ;
#598 = DIRECTION ( 'NONE',  ( -0.8660254037844378194, -0.5000000000000014433, 0.000000000000000000 ) ) ;
#599 = CARTESIAN_POINT ( 'NONE',  ( -6.049999999999990941, 2.280533563299020905, 0.000000000000000000 ) ) ;
#600 = ORIENTED_EDGE ( 'NONE', *, *, #466, .T. ) ;
#601 = MANIFOLD_SOLID_BREP ( 'Mirror1', #161 ) ;
#602 = ORIENTED_EDGE ( 'NONE', *, *, #1508, .T. ) ;
#603 = CARTESIAN_POINT ( 'NONE',  ( 7.499999999999992006, -5.204170427930421283E-15, 0.000000000000000000 ) ) ;
#604 = SPHERICAL_SURFACE ( 'NONE', #1276, 0.5000000000000000000 ) ;
#605 = CARTESIAN_POINT ( 'NONE',  ( 4.650000000000001243, 5.400000000000001243, 2.249999999999999112 ) ) ;
#606 = ORIENTED_EDGE ( 'NONE', *, *, #1205, .T. ) ;
#607 = EDGE_CURVE ( 'NONE', #1745, #1140, #405, .T. ) ;
#608 = VERTEX_POINT ( 'NONE', #97 ) ;
#609 = LINE ( 'NONE', #885, #346 ) ;
#610 = FACE_OUTER_BOUND ( 'NONE', #420, .T. ) ;
#611 = DIRECTION ( 'NONE',  ( 1.000000000000000000, 1.029992063861227437E-15, 0.000000000000000000 ) ) ;
#612 = AXIS2_PLACEMENT_3D ( 'NONE', #1559, #87, #250 ) ;
#613 = VERTEX_POINT ( 'NONE', #946 ) ;
#614 = AXIS2_PLACEMENT_3D ( 'NONE', #1595, #588, #1029 ) ;
#615 = CARTESIAN_POINT ( 'NONE',  ( -7.649999999999998579, 5.400000000000001243, -2.249999999999995559 ) ) ;
#616 = EDGE_CURVE ( 'NONE', #59, #211, #1693, .T. ) ;
#617 = CIRCLE ( 'NONE', #740, 0.5000000000000000000 ) ;
#618 = ORIENTED_EDGE ( 'NONE', *, *, #889, .F. ) ;
#619 = VECTOR ( 'NONE', #1025, 1000.000000000000000 ) ;
#620 = AXIS2_PLACEMENT_3D ( 'NONE', #906, #1474, #1644 ) ;
#621 = DIRECTION ( 'NONE',  ( 1.029992063861228226E-15, -1.000000000000000000, 0.000000000000000000 ) ) ;
#622 = EDGE_CURVE ( 'NONE', #160, #86, #978, .T. ) ;
#623 = AXIS2_PLACEMENT_3D ( 'NONE', #98, #215, #1117 ) ;
#624 = EDGE_CURVE ( 'NONE', #594, #662, #800, .T. ) ;
#625 = DIRECTION ( 'NONE',  ( 0.000000000000000000, 0.000000000000000000, 1.000000000000000000 ) ) ;
#626 = CARTESIAN_POINT ( 'NONE',  ( -4.649999999999997691, 5.400000000000000355, -2.500000000000001332 ) ) ;
#627 = ORIENTED_EDGE ( 'NONE', *, *, #424, .T. ) ;
#628 = ADVANCED_FACE ( 'NONE', ( #651 ), #1794, .T. ) ;
#629 = FACE_OUTER_BOUND ( 'NONE', #1450, .T. ) ;
#630 = UNCERTAINTY_MEASURE_WITH_UNIT (LENGTH_MEASURE( 1.000000000000000082E-05 ), #386, 'distance_accuracy_value', 'NONE');
#631 = ORIENTED_EDGE ( 'NONE', *, *, #1549, .T. ) ;
#632 = CYLINDRICAL_SURFACE ( 'NONE', #1102, 0.3000000000000000999 ) ;
#633 = ADVANCED_FACE ( 'NONE', ( #1802 ), #1527, .T. ) ;
#634 = DIRECTION ( 'NONE',  ( 1.029992063861228226E-15, -1.000000000000000000, 0.000000000000000000 ) ) ;
#635 = DIRECTION ( 'NONE',  ( -1.000000000000000000, 0.000000000000000000, -0.000000000000000000 ) ) ;
#636 = VERTEX_POINT ( 'NONE', #728 ) ;
#637 = CARTESIAN_POINT ( 'NONE',  ( 7.150000000000003020, 21.00000000000000000, -2.000000000000001332 ) ) ;
#638 = ORIENTED_EDGE ( 'NONE', *, *, #646, .T. ) ;
#639 = LINE ( 'NONE', #820, #1074 ) ;
#640 = CARTESIAN_POINT ( 'NONE',  ( 7.650000000000002132, 21.50000000000000000, 2.499999999999999556 ) ) ;
#641 = CARTESIAN_POINT ( 'NONE',  ( 6.199999999999988631, 0.9814954576223642313, 0.000000000000000000 ) ) ;
#642 = DIRECTION ( 'NONE',  ( 0.000000000000000000, -0.000000000000000000, -1.000000000000000000 ) ) ;
#643 = CIRCLE ( 'NONE', #1307, 0.2999999999999999334 ) ;
#644 = AXIS2_PLACEMENT_3D ( 'NONE', #275, #1019, #572 ) ;
#645 = ORIENTED_EDGE ( 'NONE', *, *, #434, .F. ) ;
#646 = EDGE_CURVE ( 'NONE', #397, #1131, #617, .T. ) ;
#647 = AXIS2_PLACEMENT_3D ( 'NONE', #1346, #172, #747 ) ;
#648 = DIRECTION ( 'NONE',  ( 0.000000000000000000, 0.000000000000000000, 1.000000000000000000 ) ) ;
#649 = VECTOR ( 'NONE', #1035, 1000.000000000000000 ) ;
#650 = EDGE_CURVE ( 'NONE', #1038, #211, #1784, .T. ) ;
#651 = FACE_OUTER_BOUND ( 'NONE', #1177, .T. ) ;
#652 = CARTESIAN_POINT ( 'NONE',  ( 7.499999999999992006, 5.399999999999980815, 0.000000000000000000 ) ) ;
#653 = CYLINDRICAL_SURFACE ( 'NONE', #1362, 0.3000000000000000999 ) ;
#654 = PRODUCT_DEFINITION_SHAPE ( 'NONE', 'NONE',  #807 ) ;
#655 = MANIFOLD_SOLID_BREP ( 'Sweep4', #246 ) ;
#656 = EDGE_CURVE ( 'NONE', #742, #1165, #1258, .T. ) ;
#657 = ORIENTED_EDGE ( 'NONE', *, *, #884, .F. ) ;
#658 = VERTEX_POINT ( 'NONE', #1582 ) ;
#659 = DIRECTION ( 'NONE',  ( -1.000000000000000000, 0.000000000000000000, 0.000000000000000000 ) ) ;
#660 = DIRECTION ( 'NONE',  ( -0.5000000000000001110, 0.8660254037844385966, 0.000000000000000000 ) ) ;
#661 = SPHERICAL_SURFACE ( 'NONE', #902, 0.5000000000000000000 ) ;
#662 = VERTEX_POINT ( 'NONE', #265 ) ;
#663 = CARTESIAN_POINT ( 'NONE',  ( 0.000000000000000000, 5.000000000000000000, -2.249999999999995559 ) ) ;
#664 = DIRECTION ( 'NONE',  ( 0.000000000000000000, -1.000000000000000000, 0.000000000000000000 ) ) ;
#665 = ORIENTED_EDGE ( 'NONE', *, *, #1621, .T. ) ;
#666 = EDGE_CURVE ( 'NONE', #1428, #230, #1302, .T. ) ;
#667 = CARTESIAN_POINT ( 'NONE',  ( 0.000000000000000000, 5.000000000000000000, -2.249999999999995559 ) ) ;
#668 = DIRECTION ( 'NONE',  ( 0.000000000000000000, -1.000000000000000000, 0.000000000000000000 ) ) ;
#669 = CARTESIAN_POINT ( 'NONE',  ( 4.650000000000001243, 5.400000000000001243, -2.500000000000001332 ) ) ;
#670 = PLANE ( 'NONE',  #1468 ) ;
#671 = FACE_OUTER_BOUND ( 'NONE', #400, .T. ) ;
#672 = CARTESIAN_POINT ( 'NONE',  ( -7.099999999999990763, 3.002221399786054068, 0.000000000000000000 ) ) ;
#673 = VERTEX_POINT ( 'NONE', #1446 ) ;
#674 = ORIENTED_EDGE ( 'NONE', *, *, #1125, .F. ) ;
#675 = EDGE_CURVE ( 'NONE', #559, #936, #863, .T. ) ;
#676 = CARTESIAN_POINT ( 'NONE',  ( -7.099999999999989875, -3.035766082959412415E-15, 0.000000000000000000 ) ) ;
#677 = SPHERICAL_SURFACE ( 'NONE', #1615, 0.5000000000000000000 ) ;
#678 = AXIS2_PLACEMENT_3D ( 'NONE', #1043, #912, #1769 ) ;
#679 = CARTESIAN_POINT ( 'NONE',  ( 0.000000000000000000, 5.000000000000000000, 2.249999999999999112 ) ) ;
#680 = FACE_OUTER_BOUND ( 'NONE', #1627, .T. ) ;
#681 = AXIS2_PLACEMENT_3D ( 'NONE', #1700, #1445, #874 ) ;
#682 = ORIENTED_EDGE ( 'NONE', *, *, #1712, .T. ) ;
#683 = ORIENTED_EDGE ( 'NONE', *, *, #158, .T. ) ;
#684 = CIRCLE ( 'NONE', #771, 0.2999999999999999334 ) ;
#685 = CARTESIAN_POINT ( 'NONE',  ( -7.449999999999991296, 2.396003617136948094, 3.673940397442060115E-17 ) ) ;
#686 = VECTOR ( 'NONE', #1201, 1000.000000000000000 ) ;
#687 = EDGE_CURVE ( 'NONE', #59, #270, #140, .T. ) ;
#688 = VERTEX_POINT ( 'NONE', #1405 ) ;
#689 = CARTESIAN_POINT ( 'NONE',  ( -7.299999999999991829, 2.655811238272279162, 0.000000000000000000 ) ) ;
#690 = CARTESIAN_POINT ( 'NONE',  ( -7.149999999999998579, 21.00000000000000000, 2.000000000000001332 ) ) ;
#691 = DIRECTION ( 'NONE',  ( -0.000000000000000000, -0.000000000000000000, 1.000000000000000000 ) ) ;
#692 = LINE ( 'NONE', #1259, #1406 ) ;
#693 = VERTEX_POINT ( 'NONE', #118 ) ;
#694 = EDGE_LOOP ( 'NONE', ( #1725, #123, #1673, #535 ) ) ;
#695 = VERTEX_POINT ( 'NONE', #154 ) ;
#696 = DIRECTION ( 'NONE',  ( 0.8660254037844375974, -0.5000000000000018874, -0.000000000000000000 ) ) ;
#697 = CARTESIAN_POINT ( 'NONE',  ( 4.650000000000001243, 5.400000000000001243, -2.500000000000001332 ) ) ;
#698 = CARTESIAN_POINT ( 'NONE',  ( -7.649999999999997691, 21.50000000000000000, 2.000000000000001332 ) ) ;
#699 = DIRECTION ( 'NONE',  ( 0.000000000000000000, -1.000000000000000000, 0.000000000000000000 ) ) ;
#700 = EDGE_CURVE ( 'NONE', #764, #397, #1833, .T. ) ;
#701 = ORIENTED_EDGE ( 'NONE', *, *, #238, .T. ) ;
#702 = CYLINDRICAL_SURFACE ( 'NONE', #138, 0.5000000000000000000 ) ;
#703 = CARTESIAN_POINT ( 'NONE',  ( 7.150000000000002132, 5.400000000000001243, 2.249999999999999112 ) ) ;
#704 = ORIENTED_EDGE ( 'NONE', *, *, #1125, .T. ) ;
#705 = EDGE_CURVE ( 'NONE', #764, #1451, #1491, .T. ) ;
#706 = ADVANCED_FACE ( 'NONE', ( #579 ), #556, .T. ) ;
#707 = EDGE_CURVE ( 'NONE', #1013, #673, #1589, .T. ) ;
#708 = ORIENTED_EDGE ( 'NONE', *, *, #122, .F. ) ;
#709 = LINE ( 'NONE', #402, #769 ) ;
#710 = AXIS2_PLACEMENT_3D ( 'NONE', #445, #1270, #1417 ) ;
#711 = DIRECTION ( 'NONE',  ( 0.000000000000000000, 0.000000000000000000, 1.000000000000000000 ) ) ;
#712 = EDGE_CURVE ( 'NONE', #249, #1131, #1339, .T. ) ;
#713 = AXIS2_PLACEMENT_3D ( 'NONE', #1793, #1084, #1091 ) ;
#714 = LINE ( 'NONE', #1284, #1517 ) ;
#715 = CARTESIAN_POINT ( 'NONE',  ( 7.150000000000002132, 5.000000000000000000, 2.249999999999999556 ) ) ;
#716 = CIRCLE ( 'NONE', #1710, 0.2999999999999999334 ) ;
#717 = EDGE_LOOP ( 'NONE', ( #701, #239, #92, #91 ) ) ;
#718 = CIRCLE ( 'NONE', #1524, 0.2999999999999998779 ) ;
#719 = EDGE_LOOP ( 'NONE', ( #850, #448, #1678, #120 ) ) ;
#720 = ORIENTED_EDGE ( 'NONE', *, *, #758, .F. ) ;
#721 = ORIENTED_EDGE ( 'NONE', *, *, #1652, .T. ) ;
#722 = DIRECTION ( 'NONE',  ( 0.000000000000000000, 1.000000000000000000, 0.000000000000000000 ) ) ;
#723 = DIRECTION ( 'NONE',  ( -3.617355405169677682E-16, -1.000000000000000000, 0.000000000000000000 ) ) ;
#724 = DIRECTION ( 'NONE',  ( 0.000000000000000000, 0.000000000000000000, 1.000000000000000000 ) ) ;
#725 = EDGE_LOOP ( 'NONE', ( #1064, #550 ) ) ;
#726 = VERTEX_POINT ( 'NONE', #1143 ) ;
#727 = CARTESIAN_POINT ( 'NONE',  ( 4.650000000000001243, 5.000000000000000000, -2.500000000000001332 ) ) ;
#728 = CARTESIAN_POINT ( 'NONE',  ( 7.449999999999989519, 0.6062177826491037536, -3.673940397442060115E-17 ) ) ;
#729 = SURFACE_SIDE_STYLE ('',( #877 ) ) ;
#730 = ADVANCED_FACE ( 'NONE', ( #1167 ), #753, .T. ) ;
#731 = CARTESIAN_POINT ( 'NONE',  ( -7.649999999999998579, 4.599999999999998757, -2.249999999999995559 ) ) ;
#732 = CARTESIAN_POINT ( 'NONE',  ( 7.499999999999991118, 3.002221399786053624, 0.000000000000000000 ) ) ;
#733 = ORIENTED_EDGE ( 'NONE', *, *, #1672, .T. ) ;
#734 = ORIENTED_EDGE ( 'NONE', *, *, #735, .T. ) ;
#735 = EDGE_CURVE ( 'NONE', #882, #14, #1313, .T. ) ;
#736 = LINE ( 'NONE', #1311, #222 ) ;
#737 =( NAMED_UNIT ( * ) SI_UNIT ( $, .STERADIAN. ) SOLID_ANGLE_UNIT ( ) );
#738 = CARTESIAN_POINT ( 'NONE',  ( 0.000000000000000000, 5.000000000000000000, 2.249999999999999112 ) ) ;
#739 = FACE_OUTER_BOUND ( 'NONE', #1261, .T. ) ;
#740 = AXIS2_PLACEMENT_3D ( 'NONE', #127, #281, #1714 ) ;
#741 = CIRCLE ( 'NONE', #1104, 0.2999999999999999334 ) ;
#742 = VERTEX_POINT ( 'NONE', #27 ) ;
#743 = VECTOR ( 'NONE', #1856, 1000.000000000000000 ) ;
#744 = ORIENTED_EDGE ( 'NONE', *, *, #316, .T. ) ;
#745 = AXIS2_PLACEMENT_3D ( 'NONE', #435, #1596, #879 ) ;
#746 = VECTOR ( 'NONE', #90, 999.9999999999998863 ) ;
#747 = DIRECTION ( 'NONE',  ( -1.000000000000000000, -1.734723475976808672E-15, 0.000000000000000000 ) ) ;
#748 = PLANE ( 'NONE',  #678 ) ;
#749 = CARTESIAN_POINT ( 'NONE',  ( -6.199999999999988631, 0.9814954576223642313, 0.000000000000000000 ) ) ;
#750 = EDGE_LOOP ( 'NONE', ( #1658, #333, #141, #1254 ) ) ;
#751 = ORIENTED_EDGE ( 'NONE', *, *, #760, .T. ) ;
#752 = ORIENTED_EDGE ( 'NONE', *, *, #1368, .F. ) ;
#753 = CYLINDRICAL_SURFACE ( 'NONE', #1737, 0.3000000000000003220 ) ;
#754 = FACE_OUTER_BOUND ( 'NONE', #552, .T. ) ;
#755 = DIRECTION ( 'NONE',  ( 1.029992063861228226E-15, -1.000000000000000000, 0.000000000000000000 ) ) ;
#756 = ORIENTED_EDGE ( 'NONE', *, *, #607, .T. ) ;
#757 = CARTESIAN_POINT ( 'NONE',  ( 7.150000000000002132, 5.400000000000001243, -2.500000000000001332 ) ) ;
#758 = EDGE_CURVE ( 'NONE', #658, #817, #892, .T. ) ;
#759 = ORIENTED_EDGE ( 'NONE', *, *, #174, .T. ) ;
#760 = EDGE_CURVE ( 'NONE', #1347, #1718, #1477, .T. ) ;
#761 = PLANE ( 'NONE',  #76 ) ;
#762 = CARTESIAN_POINT ( 'NONE',  ( 7.650000000000002132, 21.50000000000000000, 1.999999999999999556 ) ) ;
#763 = DIRECTION ( 'NONE',  ( 0.8660254037844383745, -0.5000000000000008882, 0.000000000000000000 ) ) ;
#764 = VERTEX_POINT ( 'NONE', #911 ) ;
#765 = TOROIDAL_SURFACE ( 'NONE', #950, 0.3999999999999949707, 0.3000000000000000999 ) ;
#766 = FACE_OUTER_BOUND ( 'NONE', #479, .T. ) ;
#767 = AXIS2_PLACEMENT_3D ( 'NONE', #1267, #1739, #1728 ) ;
#768 = VERTEX_POINT ( 'NONE', #1199 ) ;
#769 = VECTOR ( 'NONE', #1414, 1000.000000000000000 ) ;
#770 = EDGE_CURVE ( 'NONE', #14, #1013, #1334, .T. ) ;
#771 = AXIS2_PLACEMENT_3D ( 'NONE', #1357, #1786, #1193 ) ;
#772 = DIRECTION ( 'NONE',  ( -1.029992063861228226E-15, -1.000000000000000000, 0.000000000000000000 ) ) ;
#773 = DIRECTION ( 'NONE',  ( -0.5000000000000022204, 0.8660254037844372643, 0.000000000000000000 ) ) ;
#774 = FACE_OUTER_BOUND ( 'NONE', #1277, .T. ) ;
#775 = ORIENTED_EDGE ( 'NONE', *, *, #1820, .T. ) ;
#776 = DIRECTION ( 'NONE',  ( 1.000000000000000000, 0.000000000000000000, 0.000000000000000000 ) ) ;
#777 = ORIENTED_EDGE ( 'NONE', *, *, #206, .T. ) ;
#778 = DIRECTION ( 'NONE',  ( -0.000000000000000000, -0.000000000000000000, 1.000000000000000000 ) ) ;
#779 = SURFACE_STYLE_FILL_AREA ( #1653 ) ;
#780 = CARTESIAN_POINT ( 'NONE',  ( 6.199999999999991296, 2.020725942163689837, 0.000000000000000000 ) ) ;
#781 = EDGE_LOOP ( 'NONE', ( #1186, #6, #354, #307 ) ) ;
#782 = ADVANCED_FACE ( 'NONE', ( #1622 ), #761, .T. ) ;
#783 = DIRECTION ( 'NONE',  ( 0.8660254037844384856, -0.5000000000000003331, 0.000000000000000000 ) ) ;
#784 = DIRECTION ( 'NONE',  ( 1.000000000000000000, 1.224099226999763039E-16, 0.000000000000000000 ) ) ;
#785 = ORIENTED_EDGE ( 'NONE', *, *, #909, .T. ) ;
#786 = EDGE_CURVE ( 'NONE', #1038, #230, #1191, .T. ) ;
#787 = CARTESIAN_POINT ( 'NONE',  ( 6.049999999999987388, 0.7216878364870329410, 0.000000000000000000 ) ) ;
#788 = DIRECTION ( 'NONE',  ( 0.000000000000000000, -0.000000000000000000, 1.000000000000000000 ) ) ;
#789 = ORIENTED_EDGE ( 'NONE', *, *, #282, .F. ) ;
#790 = CARTESIAN_POINT ( 'NONE',  ( 6.349999999999991651, 1.760918321028357436, -3.673940397442060115E-17 ) ) ;
#791 = DIRECTION ( 'NONE',  ( -1.000000000000000000, 0.000000000000000000, 0.000000000000000000 ) ) ;
#792 = TOROIDAL_SURFACE ( 'NONE', #1846, 0.3999999999999983569, 0.3000000000000000999 ) ;
#793 = VECTOR ( 'NONE', #242, 1000.000000000000000 ) ;
#794 = ORIENTED_EDGE ( 'NONE', *, *, #1480, .F. ) ;
#795 = VECTOR ( 'NONE', #1485, 1000.000000000000000 ) ;
#796 = CARTESIAN_POINT ( 'NONE',  ( 7.150000000000003020, 21.50000000000000000, -2.000000000000001332 ) ) ;
#797 = VECTOR ( 'NONE', #1008, 1000.000000000000000 ) ;
#798 = CARTESIAN_POINT ( 'NONE',  ( 7.499999999999992006, -5.000000000000004441, 0.000000000000000000 ) ) ;
#799 = AXIS2_PLACEMENT_3D ( 'NONE', #920, #1338, #1175 ) ;
#800 = LINE ( 'NONE', #787, #1184 ) ;
#801 = VECTOR ( 'NONE', #1086, 1000.000000000000000 ) ;
#802 = CYLINDRICAL_SURFACE ( 'NONE', #958, 0.2999999999999999334 ) ;
#803 = EDGE_CURVE ( 'NONE', #1386, #249, #1453, .T. ) ;
#804 = DIRECTION ( 'NONE',  ( -1.000000000000000000, 0.000000000000000000, 0.000000000000000000 ) ) ;
#805 =( NAMED_UNIT ( * ) SI_UNIT ( $, .STERADIAN. ) SOLID_ANGLE_UNIT ( ) );
#806 = ORIENTED_EDGE ( 'NONE', *, *, #829, .T. ) ;
#807 = PRODUCT_DEFINITION ( 'UNKNOWN', '', #1373, #155 ) ;
#808 = ORIENTED_EDGE ( 'NONE', *, *, #666, .F. ) ;
#809 = DIRECTION ( 'NONE',  ( -1.000000000000000000, 0.000000000000000000, 0.000000000000000000 ) ) ;
#810 = FACE_OUTER_BOUND ( 'NONE', #1298, .T. ) ;
#811 = SURFACE_SIDE_STYLE ('',( #779 ) ) ;
#812 = DIRECTION ( 'NONE',  ( 0.000000000000000000, -0.000000000000000000, 1.000000000000000000 ) ) ;
#813 = EDGE_LOOP ( 'NONE', ( #960, #1204, #1807, #908 ) ) ;
#814 = FACE_OUTER_BOUND ( 'NONE', #182, .T. ) ;
#815 = EDGE_CURVE ( 'NONE', #662, #636, #375, .T. ) ;
#816 = CARTESIAN_POINT ( 'NONE',  ( -7.149999999999998579, 21.00000000000000000, -1.999999999999998224 ) ) ;
#817 = VERTEX_POINT ( 'NONE', #1471 ) ;
#818 = EDGE_LOOP ( 'NONE', ( #371, #583, #1195, #1113 ) ) ;
#819 = CARTESIAN_POINT ( 'NONE',  ( 4.650000000000001243, 5.000000000000000000, -2.500000000000001332 ) ) ;
#820 = CARTESIAN_POINT ( 'NONE',  ( -7.649999999999998579, 5.400000000000001243, 2.249999999999999112 ) ) ;
#821 = EDGE_CURVE ( 'NONE', #926, #1451, #336, .T. ) ;
#822 = EDGE_LOOP ( 'NONE', ( #24, #665, #752, #1287, #806, #543, #839, #682, #204, #808 ) ) ;
#823 = CARTESIAN_POINT ( 'NONE',  ( -7.499999999999992006, -5.204170427930422072E-15, 0.3000000000000000999 ) ) ;
#824 = SURFACE_SIDE_STYLE ('',( #521 ) ) ;
#825 = ORIENTED_EDGE ( 'NONE', *, *, #656, .T. ) ;
#826 = ORIENTED_EDGE ( 'NONE', *, *, #1205, .F. ) ;
#827 = AXIS2_PLACEMENT_3D ( 'NONE', #1805, #520, #1118 ) ;
#828 = DIRECTION ( 'NONE',  ( 0.5000000000000001110, 0.8660254037844385966, 0.000000000000000000 ) ) ;
#829 = EDGE_CURVE ( 'NONE', #560, #383, #40, .T. ) ;
#830 = PLANE ( 'NONE',  #681 ) ;
#831 = AXIS2_PLACEMENT_3D ( 'NONE', #33, #323, #338 ) ;
#832 = DIRECTION ( 'NONE',  ( -0.000000000000000000, -0.000000000000000000, -1.000000000000000000 ) ) ;
#833 = CARTESIAN_POINT ( 'NONE',  ( -7.149999999999998579, 5.000000000000000000, 2.500000000000000444 ) ) ;
#834 = AXIS2_PLACEMENT_3D ( 'NONE', #1499, #1246, #1217 ) ;
#835 = EDGE_LOOP ( 'NONE', ( #720, #541, #1557, #855 ) ) ;
#836 = VECTOR ( 'NONE', #573, 1000.000000000000000 ) ;
#837 = DIRECTION ( 'NONE',  ( 0.000000000000000000, 0.000000000000000000, 1.000000000000000000 ) ) ;
#838 = VERTEX_POINT ( 'NONE', #321 ) ;
#839 = ORIENTED_EDGE ( 'NONE', *, *, #1017, .T. ) ;
#840 = CARTESIAN_POINT ( 'NONE',  ( 4.650000000000001243, 5.000000000000000000, 2.249999999999999556 ) ) ;
#841 = CARTESIAN_POINT ( 'NONE',  ( 4.650000000000001243, 5.400000000000001243, -2.500000000000001332 ) ) ;
#842 = DIRECTION ( 'NONE',  ( 1.000000000000000000, -0.000000000000000000, 0.000000000000000000 ) ) ;
#843 = APPLICATION_PROTOCOL_DEFINITION ( 'draft international standard', 'automotive_design', 1998, #1533 ) ;
#844 = DIRECTION ( 'NONE',  ( -1.000000000000000000, 0.000000000000000000, 0.000000000000000000 ) ) ;
#845 = EDGE_CURVE ( 'NONE', #249, #59, #609, .T. ) ;
#846 = CARTESIAN_POINT ( 'NONE',  ( 7.150000000000003020, 5.000000000000000000, -2.500000000000001332 ) ) ;
#847 = ADVANCED_FACE ( 'NONE', ( #303 ), #179, .T. ) ;
#848 = ORIENTED_EDGE ( 'NONE', *, *, #1497, .T. ) ;
#849 = VERTEX_POINT ( 'NONE', #1463 ) ;
#850 = ORIENTED_EDGE ( 'NONE', *, *, #1433, .F. ) ;
#851 = DIRECTION ( 'NONE',  ( 0.000000000000000000, 1.000000000000000000, 0.000000000000000000 ) ) ;
#852 = EDGE_CURVE ( 'NONE', #211, #1386, #736, .T. ) ;
#853 = CARTESIAN_POINT ( 'NONE',  ( -7.799999999999991829, 5.399999999999980815, 3.673940397442060115E-17 ) ) ;
#854 = LINE ( 'NONE', #273, #84 ) ;
#855 = ORIENTED_EDGE ( 'NONE', *, *, #884, .T. ) ;
#856 = LINE ( 'NONE', #1583, #1209 ) ;
#857 = DIRECTION ( 'NONE',  ( 0.000000000000000000, 0.000000000000000000, -1.000000000000000000 ) ) ;
#858 = ORIENTED_EDGE ( 'NONE', *, *, #786, .F. ) ;
#859 = ORIENTED_EDGE ( 'NONE', *, *, #1321, .F. ) ;
#860 = CARTESIAN_POINT ( 'NONE',  ( -7.149999999999997691, 21.50000000000000000, -2.499999999999998668 ) ) ;
#861 = AXIS2_PLACEMENT_3D ( 'NONE', #1401, #544, #1842 ) ;
#862 = VECTOR ( 'NONE', #919, 1000.000000000000000 ) ;
#863 = LINE ( 'NONE', #853, #952 ) ;
#864 = DIRECTION ( 'NONE',  ( 1.029992063861228226E-15, -1.000000000000000000, 0.000000000000000000 ) ) ;
#865 = AXIS2_PLACEMENT_3D ( 'NONE', #1051, #621, #327 ) ;
#866 = DIRECTION ( 'NONE',  ( -0.8660254037844379305, -0.5000000000000014433, 0.000000000000000000 ) ) ;
#867 = AXIS2_PLACEMENT_3D ( 'NONE', #1765, #512, #390 ) ;
#868 = FACE_OUTER_BOUND ( 'NONE', #1804, .T. ) ;
#869 = AXIS2_PLACEMENT_3D ( 'NONE', #1305, #724, #29 ) ;
#870 = EDGE_CURVE ( 'NONE', #230, #742, #1132, .T. ) ;
#871 = ORIENTED_EDGE ( 'NONE', *, *, #22, .T. ) ;
#872 = CIRCLE ( 'NONE', #55, 0.2999999999999999334 ) ;
#873 = ORIENTED_EDGE ( 'NONE', *, *, #7, .F. ) ;
#874 = DIRECTION ( 'NONE',  ( -1.000000000000000000, 0.000000000000000000, 1.133806193448893442E-16 ) ) ;
#875 = ADVANCED_FACE ( 'NONE', ( #32 ), #632, .T. ) ;
#876 = SURFACE_SIDE_STYLE ('',( #1844 ) ) ;
#877 = SURFACE_STYLE_FILL_AREA ( #432 ) ;
#878 = CARTESIAN_POINT ( 'NONE',  ( -4.649999999999997691, 5.400000000000001243, -2.249999999999995559 ) ) ;
#879 = DIRECTION ( 'NONE',  ( -1.000000000000000000, 0.000000000000000000, 0.000000000000000000 ) ) ;
#880 = EDGE_CURVE ( 'NONE', #230, #341, #1039, .T. ) ;
#881 = EDGE_LOOP ( 'NONE', ( #345, #917, #965, #1412 ) ) ;
#882 = VERTEX_POINT ( 'NONE', #954 ) ;
#883 = PLANE ( 'NONE',  #593 ) ;
#884 = EDGE_CURVE ( 'NONE', #383, #817, #1354, .T. ) ;
#885 = CARTESIAN_POINT ( 'NONE',  ( 7.650000000000002132, 21.50000000000000000, 1.999999999999999556 ) ) ;
#886 = CARTESIAN_POINT ( 'NONE',  ( 0.000000000000000000, 0.000000000000000000, 0.000000000000000000 ) ) ;
#887 = CARTESIAN_POINT ( 'NONE',  ( 7.099999999999990763, 3.002221399786054068, -3.673940397442060115E-17 ) ) ;
#888 = CARTESIAN_POINT ( 'NONE',  ( 7.150000000000002132, 21.00000000000000000, 1.999999999999999556 ) ) ;
#889 = EDGE_CURVE ( 'NONE', #1789, #636, #74, .T. ) ;
#890 = ORIENTED_EDGE ( 'NONE', *, *, #1497, .F. ) ;
#891 = ORIENTED_EDGE ( 'NONE', *, *, #705, .F. ) ;
#892 = LINE ( 'NONE', #1327, #25 ) ;
#893 = AXIS2_PLACEMENT_3D ( 'NONE', #819, #1390, #102 ) ;
#894 = AXIS2_PLACEMENT_3D ( 'NONE', #451, #598, #773 ) ;
#895 = CARTESIAN_POINT ( 'NONE',  ( 7.199999999999991296, 3.002221399786054068, 0.000000000000000000 ) ) ;
#896 = DIRECTION ( 'NONE',  ( 1.000000000000000000, 0.000000000000000000, 0.000000000000000000 ) ) ;
#897 = VECTOR ( 'NONE', #778, 1000.000000000000000 ) ;
#898 = AXIS2_PLACEMENT_3D ( 'NONE', #506, #1660, #364 ) ;
#899 = ORIENTED_EDGE ( 'NONE', *, *, #889, .T. ) ;
#900 = AXIS2_PLACEMENT_3D ( 'NONE', #1520, #1687, #791 ) ;
#901 = ORIENTED_EDGE ( 'NONE', *, *, #829, .F. ) ;
#902 = AXIS2_PLACEMENT_3D ( 'NONE', #1079, #224, #939 ) ;
#903 = ADVANCED_FACE ( 'NONE', ( #67 ), #1519, .T. ) ;
#904 = CARTESIAN_POINT ( 'NONE',  ( 7.150000000000002132, 5.400000000000001243, -2.500000000000001332 ) ) ;
#905 = DIRECTION ( 'NONE',  ( 0.000000000000000000, -0.000000000000000000, -1.000000000000000000 ) ) ;
#906 = CARTESIAN_POINT ( 'NONE',  ( -6.199999999999988631, 0.9814954576223642313, 0.000000000000000000 ) ) ;
#907 = ADVANCED_FACE ( 'NONE', ( #1514 ), #1757, .T. ) ;
#908 = ORIENTED_EDGE ( 'NONE', *, *, #1577, .T. ) ;
#909 = EDGE_CURVE ( 'NONE', #1543, #1409, #930, .T. ) ;
#910 = ORIENTED_EDGE ( 'NONE', *, *, #880, .F. ) ;
#911 = CARTESIAN_POINT ( 'NONE',  ( -7.649999999999997691, 5.400000000000000355, 1.999999999999999112 ) ) ;
#912 = DIRECTION ( 'NONE',  ( 1.000000000000000000, 0.000000000000000000, 0.000000000000000000 ) ) ;
#913 = CARTESIAN_POINT ( 'NONE',  ( -7.149999999999997691, 21.50000000000000000, -2.499999999999998668 ) ) ;
#914 = EDGE_CURVE ( 'NONE', #726, #1288, #741, .T. ) ;
#915 = ORIENTED_EDGE ( 'NONE', *, *, #646, .F. ) ;
#916 = DIRECTION ( 'NONE',  ( 1.029992063861228226E-15, -1.000000000000000000, 0.000000000000000000 ) ) ;
#917 = ORIENTED_EDGE ( 'NONE', *, *, #1630, .T. ) ;
#918 = CARTESIAN_POINT ( 'NONE',  ( 7.650000000000003020, 5.000000000000000000, -2.500000000000001332 ) ) ;
#919 = DIRECTION ( 'NONE',  ( 0.000000000000000000, -1.000000000000000000, 0.000000000000000000 ) ) ;
#920 = CARTESIAN_POINT ( 'NONE',  ( 7.099999999999989875, -3.035766082959412415E-15, -3.673940397442060115E-17 ) ) ;
#921 = TOROIDAL_SURFACE ( 'NONE', #1641, 0.6000000000000016431, 0.3000000000000000999 ) ;
#922 = EDGE_LOOP ( 'NONE', ( #318, #1055, #721, #733, #131 ) ) ;
#923 = AXIS2_PLACEMENT_3D ( 'NONE', #1314, #1323, #1616 ) ;
#924 = CARTESIAN_POINT ( 'NONE',  ( 6.499999999999991118, 1.501110699893025924, 0.000000000000000000 ) ) ;
#925 = STYLED_ITEM ( 'NONE', ( #1591 ), #655 ) ;
#926 = VERTEX_POINT ( 'NONE', #1077 ) ;
#927 = AXIS2_PLACEMENT_3D ( 'NONE', #924, #642, #1790 ) ;
#928 = VECTOR ( 'NONE', #469, 1000.000000000000000 ) ;
#929 = EDGE_LOOP ( 'NONE', ( #1639, #166, #1460 ) ) ;
#930 = LINE ( 'NONE', #1206, #562 ) ;
#931 = EDGE_CURVE ( 'NONE', #1611, #1511, #639, .T. ) ;
#932 = CYLINDRICAL_SURFACE ( 'NONE', #1041, 0.3000000000000001554 ) ;
#933 = DIRECTION ( 'NONE',  ( 0.000000000000000000, -1.000000000000000000, 0.000000000000000000 ) ) ;
#934 = DIRECTION ( 'NONE',  ( -1.000000000000000000, 1.029992063861227437E-15, 0.000000000000000000 ) ) ;
#935 = CARTESIAN_POINT ( 'NONE',  ( -7.649999999999998579, 4.599999999999998757, 2.249999999999999112 ) ) ;
#936 = VERTEX_POINT ( 'NONE', #1782 ) ;
#937 = EDGE_LOOP ( 'NONE', ( #289, #1344, #132, #1631 ) ) ;
#938 = CARTESIAN_POINT ( 'NONE',  ( -7.499999999999992006, -5.204170427930421283E-15, 0.000000000000000000 ) ) ;
#939 = DIRECTION ( 'NONE',  ( 1.000000000000000000, 0.000000000000000000, 0.000000000000000000 ) ) ;
#940 = ORIENTED_EDGE ( 'NONE', *, *, #735, .F. ) ;
#941 = CARTESIAN_POINT ( 'NONE',  ( -7.199999999999991296, 3.002221399786054068, 0.000000000000000000 ) ) ;
#942 = VERTEX_POINT ( 'NONE', #524 ) ;
#943 = DIRECTION ( 'NONE',  ( 1.029992063861228226E-15, 1.000000000000000000, -0.000000000000000000 ) ) ;
#944 = CARTESIAN_POINT ( 'NONE',  ( -4.649999999999997691, 5.000000000000000000, 2.249999999999999556 ) ) ;
#945 = EDGE_CURVE ( 'NONE', #35, #361, #1667, .T. ) ;
#946 = CARTESIAN_POINT ( 'NONE',  ( 7.150000000000003020, 5.000000000000000000, -2.249999999999995559 ) ) ;
#947 = CARTESIAN_POINT ( 'NONE',  ( 7.650000000000003020, 21.00000000000000000, -2.500000000000001332 ) ) ;
#948 = CARTESIAN_POINT ( 'NONE',  ( 4.650000000000001243, 5.000000000000000000, 2.500000000000000444 ) ) ;
#949 = DIRECTION ( 'NONE',  ( 1.000000000000000000, 1.224099226999763039E-16, 0.000000000000000000 ) ) ;
#950 = AXIS2_PLACEMENT_3D ( 'NONE', #395, #235, #1107 ) ;
#951 = EDGE_LOOP ( 'NONE', ( #413, #1260, #1114, #493 ) ) ;
#952 = VECTOR ( 'NONE', #1002, 1000.000000000000000 ) ;
#953 = DIRECTION ( 'NONE',  ( -0.8660254037844373753, -0.5000000000000025535, 0.000000000000000000 ) ) ;
#954 = CARTESIAN_POINT ( 'NONE',  ( -7.199999999999991296, -4.895172808772052520E-15, -3.673940397442041009E-17 ) ) ;
#955 = AXIS2_PLACEMENT_3D ( 'NONE', #459, #34, #1044 ) ;
#956 = ADVANCED_FACE ( 'NONE', ( #347 ), #1651, .F. ) ;
#957 = DIRECTION ( 'NONE',  ( 1.734723475976806848E-16, 0.000000000000000000, -1.000000000000000000 ) ) ;
#958 = AXIS2_PLACEMENT_3D ( 'NONE', #652, #1237, #1220 ) ;
#959 = CARTESIAN_POINT ( 'NONE',  ( -7.449999999999992184, 2.396003617136948538, 3.673940397442060115E-17 ) ) ;
#960 = ORIENTED_EDGE ( 'NONE', *, *, #449, .T. ) ;
#961 = DIRECTION ( 'NONE',  ( 0.5000000000000001110, 0.8660254037844385966, 0.000000000000000000 ) ) ;
#962 = CARTESIAN_POINT ( 'NONE',  ( 7.099999999999989875, -3.035766082959412415E-15, 0.000000000000000000 ) ) ;
#963 = ADVANCED_FACE ( 'NONE', ( #810 ), #677, .T. ) ;
#964 = ADVANCED_FACE ( 'NONE', ( #88 ), #1384, .T. ) ;
#965 = ORIENTED_EDGE ( 'NONE', *, *, #1429, .T. ) ;
#966 = ADVANCED_FACE ( 'NONE', ( #205 ), #484, .T. ) ;
#967 = FACE_OUTER_BOUND ( 'NONE', #461, .T. ) ;
#968 = DIRECTION ( 'NONE',  ( 1.000000000000000000, 1.029992063861228226E-15, 0.000000000000000000 ) ) ;
#969 = ADVANCED_FACE ( 'NONE', ( #1640 ), #357, .T. ) ;
#970 = CARTESIAN_POINT ( 'NONE',  ( -7.499999999999992006, -5.204170427930422072E-15, -0.3000000000000000999 ) ) ;
#971 = DIRECTION ( 'NONE',  ( -0.000000000000000000, -0.000000000000000000, 1.000000000000000000 ) ) ;
#972 = CARTESIAN_POINT ( 'NONE',  ( 7.150000000000002132, 21.50000000000000000, 1.999999999999999556 ) ) ;
#973 = LINE ( 'NONE', #1553, #80 ) ;
#974 = ADVANCED_FACE ( 'NONE', ( #1810 ), #1105, .F. ) ;
#975 = EDGE_LOOP ( 'NONE', ( #1772, #1353, #627, #1470 ) ) ;
#976 = LINE ( 'NONE', #1256, #19 ) ;
#977 = LINE ( 'NONE', #125, #743 ) ;
#978 = LINE ( 'NONE', #1356, #1160 ) ;
#979 = DIRECTION ( 'NONE',  ( 1.000000000000000000, -0.000000000000000000, -1.700709290173340163E-16 ) ) ;
#980 = ORIENTED_EDGE ( 'NONE', *, *, #1799, .F. ) ;
#981 = CARTESIAN_POINT ( 'NONE',  ( -7.649999999999998579, 4.599999999999998757, -2.249999999999995559 ) ) ;
#982 =( NAMED_UNIT ( * ) PLANE_ANGLE_UNIT ( ) SI_UNIT ( $, .RADIAN. ) );
#983 = VERTEX_POINT ( 'NONE', #1150 ) ;
#984 = VERTEX_POINT ( 'NONE', #1123 ) ;
#985 = AXIS2_PLACEMENT_3D ( 'NONE', #1375, #1244, #1383 ) ;
#986 = AXIS2_PLACEMENT_3D ( 'NONE', #180, #1500, #1762 ) ;
#987 = FACE_OUTER_BOUND ( 'NONE', #66, .T. ) ;
#988 = FACE_OUTER_BOUND ( 'NONE', #1400, .T. ) ;
#989 = MECHANICAL_DESIGN_GEOMETRIC_PRESENTATION_REPRESENTATION (  '', ( #925 ), #257 ) ;
#990 = CIRCLE ( 'NONE', #1245, 0.5000000000000004441 ) ;
#991 = CARTESIAN_POINT ( 'NONE',  ( 7.150000000000002132, 21.50000000000000000, 1.999999999999999556 ) ) ;
#992 = SURFACE_STYLE_USAGE ( .BOTH. , #729 ) ;
#993 = CIRCLE ( 'NONE', #799, 0.09999999999999853451 ) ;
#994 = VECTOR ( 'NONE', #284, 1000.000000000000000 ) ;
#995 = DIRECTION ( 'NONE',  ( -3.617355405169677682E-16, -1.000000000000000000, 0.000000000000000000 ) ) ;
#996 = SURFACE_STYLE_USAGE ( .BOTH. , #824 ) ;
#997 = VECTOR ( 'NONE', #971, 1000.000000000000000 ) ;
#998 = ADVANCED_FACE ( 'NONE', ( #8 ), #280, .T. ) ;
#999 = EDGE_LOOP ( 'NONE', ( #454, #789, #1509, #1587, #277 ) ) ;
#1000 = ORIENTED_EDGE ( 'NONE', *, *, #1625, .F. ) ;
#1001 = PLANE ( 'NONE',  #498 ) ;
#1002 = DIRECTION ( 'NONE',  ( 3.617355405169677682E-16, -1.000000000000000000, 0.000000000000000000 ) ) ;
#1003 = LINE ( 'NONE', #312, #436 ) ;
#1004 = DIRECTION ( 'NONE',  ( 0.000000000000000000, -1.000000000000000000, -0.000000000000000000 ) ) ;
#1005 = EDGE_LOOP ( 'NONE', ( #1264, #5, #759, #505 ) ) ;
#1006 = VERTEX_POINT ( 'NONE', #727 ) ;
#1007 = ORIENTED_EDGE ( 'NONE', *, *, #568, .T. ) ;
#1008 = DIRECTION ( 'NONE',  ( -0.000000000000000000, 1.000000000000000000, -0.000000000000000000 ) ) ;
#1009 = ADVANCED_FACE ( 'NONE', ( #553 ), #1001, .F. ) ;
#1010 = DIRECTION ( 'NONE',  ( 0.000000000000000000, 0.000000000000000000, 1.000000000000000000 ) ) ;
#1011 = DIRECTION ( 'NONE',  ( -1.000000000000000000, 0.000000000000000000, 0.000000000000000000 ) ) ;
#1012 = ORIENTED_EDGE ( 'NONE', *, *, #511, .T. ) ;
#1013 = VERTEX_POINT ( 'NONE', #1823 ) ;
#1014 = CYLINDRICAL_SURFACE ( 'NONE', #529, 0.3000000000000000999 ) ;
#1015 = CARTESIAN_POINT ( 'NONE',  ( 7.150000000000002132, 5.000000000000000000, -2.500000000000001332 ) ) ;
#1016 = DIRECTION ( 'NONE',  ( -3.617355405169677682E-16, -1.000000000000000000, 0.000000000000000000 ) ) ;
#1017 = EDGE_CURVE ( 'NONE', #838, #768, #1832, .T. ) ;
#1018 = AXIS2_PLACEMENT_3D ( 'NONE', #570, #832, #146 ) ;
#1019 = DIRECTION ( 'NONE',  ( 1.029992063861228226E-15, 1.000000000000000000, -0.000000000000000000 ) ) ;
#1020 = AXIS2_PLACEMENT_3D ( 'NONE', #1561, #153, #145 ) ;
#1021 = LINE ( 'NONE', #715, #1855 ) ;
#1022 = TOROIDAL_SURFACE ( 'NONE', #564, 0.3999999999999983569, 0.3000000000000000999 ) ;
#1023 = ORIENTED_EDGE ( 'NONE', *, *, #1042, .F. ) ;
#1024 = ORIENTED_EDGE ( 'NONE', *, *, #1534, .F. ) ;
#1025 = DIRECTION ( 'NONE',  ( -0.000000000000000000, -0.000000000000000000, 1.000000000000000000 ) ) ;
#1026 = ADVANCED_FACE ( 'NONE', ( #1546 ), #1340, .T. ) ;
#1027 = DIRECTION ( 'NONE',  ( -0.000000000000000000, 0.000000000000000000, 1.000000000000000000 ) ) ;
#1028 = LINE ( 'NONE', #1565, #382 ) ;
#1029 = DIRECTION ( 'NONE',  ( 0.000000000000000000, 0.000000000000000000, -1.000000000000000000 ) ) ;
#1030 = DIRECTION ( 'NONE',  ( -1.000000000000000000, 0.000000000000000000, 0.000000000000000000 ) ) ;
#1031 = EDGE_LOOP ( 'NONE', ( #1240, #315, #1838, #20 ) ) ;
#1032 = EDGE_LOOP ( 'NONE', ( #429, #1555, #56, #631, #391 ) ) ;
#1033 = CARTESIAN_POINT ( 'NONE',  ( 7.150000000000003020, 21.50000000000000000, -2.500000000000001332 ) ) ;
#1034 = DIRECTION ( 'NONE',  ( 0.8660254037844375974, -0.5000000000000018874, -0.000000000000000000 ) ) ;
#1035 = DIRECTION ( 'NONE',  ( -0.000000000000000000, -0.000000000000000000, 1.000000000000000000 ) ) ;
#1036 = ORIENTED_EDGE ( 'NONE', *, *, #803, .F. ) ;
#1037 = ADVANCED_FACE ( 'NONE', ( #1588 ), #1720, .F. ) ;
#1038 = VERTEX_POINT ( 'NONE', #1116 ) ;
#1039 = LINE ( 'NONE', #904, #897 ) ;
#1040 = EDGE_CURVE ( 'NONE', #591, #1481, #1560, .T. ) ;
#1041 = AXIS2_PLACEMENT_3D ( 'NONE', #350, #1034, #1337 ) ;
#1042 = EDGE_CURVE ( 'NONE', #1131, #1451, #977, .T. ) ;
#1043 = CARTESIAN_POINT ( 'NONE',  ( -4.649999999999997691, 5.000000000000000000, -2.500000000000001332 ) ) ;
#1044 = DIRECTION ( 'NONE',  ( -0.5000000000000022204, 0.8660254037844372643, 0.000000000000000000 ) ) ;
#1045 = VECTOR ( 'NONE', #722, 1000.000000000000000 ) ;
#1046 = CIRCLE ( 'NONE', #225, 0.4999999999999995559 ) ;
#1047 = ORIENTED_EDGE ( 'NONE', *, *, #1176, .T. ) ;
#1048 = AXIS2_PLACEMENT_3D ( 'NONE', #780, #1753, #1324 ) ;
#1049 = ADVANCED_FACE ( 'NONE', ( #988 ), #830, .F. ) ;
#1050 = ORIENTED_EDGE ( 'NONE', *, *, #1253, .T. ) ;
#1051 = CARTESIAN_POINT ( 'NONE',  ( -7.499999999999991118, -5.204170427930421283E-15, 0.000000000000000000 ) ) ;
#1052 = ADVANCED_FACE ( 'NONE', ( #1403 ), #292, .T. ) ;
#1053 = FACE_OUTER_BOUND ( 'NONE', #1189, .T. ) ;
#1054 = DIRECTION ( 'NONE',  ( 0.000000000000000000, -0.000000000000000000, 1.000000000000000000 ) ) ;
#1055 = ORIENTED_EDGE ( 'NONE', *, *, #1852, .T. ) ;
#1056 = FILL_AREA_STYLE ('',( #472 ) ) ;
#1057 = ORIENTED_EDGE ( 'NONE', *, *, #1473, .T. ) ;
#1058 = DIRECTION ( 'NONE',  ( -1.000000000000000000, 0.000000000000000000, -0.000000000000000000 ) ) ;
#1059 = DIRECTION ( 'NONE',  ( 1.000000000000000000, 0.000000000000000000, 0.000000000000000000 ) ) ;
#1060 = LINE ( 'NONE', #173, #1741 ) ;
#1061 = ORIENTED_EDGE ( 'NONE', *, *, #526, .F. ) ;
#1062 = CARTESIAN_POINT ( 'NONE',  ( 4.650000000000001243, 5.000000000000000000, -2.249999999999995559 ) ) ;
#1063 = UNCERTAINTY_MEASURE_WITH_UNIT (LENGTH_MEASURE( 1.000000000000000082E-05 ), #1292, 'distance_accuracy_value', 'NONE');
#1064 = ORIENTED_EDGE ( 'NONE', *, *, #1155, .T. ) ;
#1065 = ADVANCED_FACE ( 'NONE', ( #1257 ), #1014, .T. ) ;
#1066 = DIRECTION ( 'NONE',  ( 1.000000000000000000, 0.000000000000000000, 0.000000000000000000 ) ) ;
#1067 = LINE ( 'NONE', #1489, #48 ) ;
#1068 = LINE ( 'NONE', #352, #502 ) ;
#1069 = AXIS2_PLACEMENT_3D ( 'NONE', #887, #1010, #1161 ) ;
#1070 = VERTEX_POINT ( 'NONE', #545 ) ;
#1071 = VECTOR ( 'NONE', #905, 1000.000000000000000 ) ;
#1072 = FACE_OUTER_BOUND ( 'NONE', #474, .T. ) ;
#1073 = ORIENTED_EDGE ( 'NONE', *, *, #1155, .F. ) ;
#1074 = VECTOR ( 'NONE', #517, 1000.000000000000000 ) ;
#1075 = CIRCLE ( 'NONE', #410, 0.2999999999999999334 ) ;
#1076 = ORIENTED_EDGE ( 'NONE', *, *, #1799, .T. ) ;
#1077 = CARTESIAN_POINT ( 'NONE',  ( -7.149999999999998579, 5.400000000000001243, 2.249999999999999112 ) ) ;
#1078 = CARTESIAN_POINT ( 'NONE',  ( -7.499999999999992006, 5.399999999999980815, 0.000000000000000000 ) ) ;
#1079 = CARTESIAN_POINT ( 'NONE',  ( -7.149999999999998579, 21.00000000000000000, -1.999999999999998668 ) ) ;
#1080 = CYLINDRICAL_SURFACE ( 'NONE', #73, 0.5000000000000000000 ) ;
#1081 = CARTESIAN_POINT ( 'NONE',  ( 7.199999999999991296, -4.895172808772052520E-15, -3.673940397442041009E-17 ) ) ;
#1082 = ORIENTED_EDGE ( 'NONE', *, *, #449, .F. ) ;
#1083 = LINE ( 'NONE', #1525, #1158 ) ;
#1084 = DIRECTION ( 'NONE',  ( 0.000000000000000000, 0.000000000000000000, 1.000000000000000000 ) ) ;
#1085 =( NAMED_UNIT ( * ) PLANE_ANGLE_UNIT ( ) SI_UNIT ( $, .RADIAN. ) );
#1086 = DIRECTION ( 'NONE',  ( 0.000000000000000000, 1.000000000000000000, -0.000000000000000000 ) ) ;
#1087 = CARTESIAN_POINT ( 'NONE',  ( 7.499999999999992006, -5.204170427930421283E-15, 0.000000000000000000 ) ) ;
#1088 = LINE ( 'NONE', #1119, #51 ) ;
#1089 = ORIENTED_EDGE ( 'NONE', *, *, #206, .F. ) ;
#1090 = DIRECTION ( 'NONE',  ( 1.000000000000000000, -0.000000000000000000, -0.000000000000000000 ) ) ;
#1091 = DIRECTION ( 'NONE',  ( -1.000000000000000000, 0.000000000000000000, 0.000000000000000000 ) ) ;
#1092 = EDGE_CURVE ( 'NONE', #1611, #1289, #577, .T. ) ;
#1093 = CARTESIAN_POINT ( 'NONE',  ( -4.649999999999997691, 5.000000000000000000, -2.500000000000001332 ) ) ;
#1094 = DIRECTION ( 'NONE',  ( -0.8660254037844379305, -0.5000000000000014433, 0.000000000000000000 ) ) ;
#1095 = ORIENTED_EDGE ( 'NONE', *, *, #1820, .F. ) ;
#1096 = ORIENTED_EDGE ( 'NONE', *, *, #650, .T. ) ;
#1097 = EDGE_CURVE ( 'NONE', #1006, #13, #709, .T. ) ;
#1098 = VERTEX_POINT ( 'NONE', #697 ) ;
#1099 = CARTESIAN_POINT ( 'NONE',  ( -4.896396907999058565E-17, 5.400000000000000355, -2.500000000000001332 ) ) ;
#1100 = PRESENTATION_LAYER_ASSIGNMENT (  '', '', ( #1671 ) ) ;
#1101 = EDGE_LOOP ( 'NONE', ( #1580, #1089, #890, #533 ) ) ;
#1102 = AXIS2_PLACEMENT_3D ( 'NONE', #603, #1751, #457 ) ;
#1103 = DIRECTION ( 'NONE',  ( 0.5000000000000001110, 0.8660254037844385966, 0.000000000000000000 ) ) ;
#1104 = AXIS2_PLACEMENT_3D ( 'NONE', #798, #1235, #1801 ) ;
#1105 = PLANE ( 'NONE',  #898 ) ;
#1106 = CIRCLE ( 'NONE', #500, 0.6999999999999948486 ) ;
#1107 = DIRECTION ( 'NONE',  ( 1.000000000000000000, 0.000000000000000000, 0.000000000000000000 ) ) ;
#1108 =( GEOMETRIC_REPRESENTATION_CONTEXT ( 3 ) GLOBAL_UNCERTAINTY_ASSIGNED_CONTEXT ( ( #473 ) ) GLOBAL_UNIT_ASSIGNED_CONTEXT ( ( #266, #296, #737 ) ) REPRESENTATION_CONTEXT ( 'NONE', 'WORKASPACE' ) );
#1109 = CARTESIAN_POINT ( 'NONE',  ( 4.650000000000001243, 5.000000000000000000, -2.500000000000001332 ) ) ;
#1110 = EDGE_CURVE ( 'NONE', #1165, #1543, #990, .T. ) ;
#1111 = ORIENTED_EDGE ( 'NONE', *, *, #1227, .T. ) ;
#1112 = CARTESIAN_POINT ( 'NONE',  ( 4.650000000000001243, 5.000000000000000000, -2.249999999999995559 ) ) ;
#1113 = ORIENTED_EDGE ( 'NONE', *, *, #9, .F. ) ;
#1114 = ORIENTED_EDGE ( 'NONE', *, *, #1668, .F. ) ;
#1115 = DIRECTION ( 'NONE',  ( -0.000000000000000000, 1.000000000000000000, 0.000000000000000000 ) ) ;
#1116 = CARTESIAN_POINT ( 'NONE',  ( 7.150000000000003020, 21.00000000000000000, -2.500000000000001332 ) ) ;
#1117 = DIRECTION ( 'NONE',  ( 1.000000000000000000, 0.000000000000000000, 0.000000000000000000 ) ) ;
#1118 = DIRECTION ( 'NONE',  ( 1.000000000000000000, 1.029992063861228226E-15, 0.000000000000000000 ) ) ;
#1119 = CARTESIAN_POINT ( 'NONE',  ( 7.499999999999992006, -5.204170427930421283E-15, 0.3000000000000000999 ) ) ;
#1120 = ORIENTED_EDGE ( 'NONE', *, *, #1484, .T. ) ;
#1121 = EDGE_CURVE ( 'NONE', #1330, #1543, #1843, .T. ) ;
#1122 = CARTESIAN_POINT ( 'NONE',  ( 7.199999999999992184, 5.399999999999980815, 0.000000000000000000 ) ) ;
#1123 = CARTESIAN_POINT ( 'NONE',  ( -4.649999999999997691, 5.000000000000000000, 2.500000000000000888 ) ) ;
#1124 = FACE_OUTER_BOUND ( 'NONE', #1031, .T. ) ;
#1125 = EDGE_CURVE ( 'NONE', #559, #1360, #348, .T. ) ;
#1126 = DIRECTION ( 'NONE',  ( 1.000000000000000000, 0.000000000000000000, -1.700709290173340163E-16 ) ) ;
#1127 = DIRECTION ( 'NONE',  ( 1.000000000000000000, -0.000000000000000000, -0.000000000000000000 ) ) ;
#1128 = ORIENTED_EDGE ( 'NONE', *, *, #1443, .T. ) ;
#1129 = CIRCLE ( 'NONE', #1274, 0.3000000000000000999 ) ;
#1130 = AXIS2_PLACEMENT_3D ( 'NONE', #468, #634, #1200 ) ;
#1131 = VERTEX_POINT ( 'NONE', #1647 ) ;
#1132 = CIRCLE ( 'NONE', #647, 0.4999999999999995559 ) ;
#1133 = VECTOR ( 'NONE', #784, 1000.000000000000000 ) ;
#1134 = DIRECTION ( 'NONE',  ( 0.000000000000000000, 0.000000000000000000, -1.000000000000000000 ) ) ;
#1135 = CIRCLE ( 'NONE', #261, 0.5000000000000000000 ) ;
#1136 = ORIENTED_EDGE ( 'NONE', *, *, #616, .T. ) ;
#1137 = CARTESIAN_POINT ( 'NONE',  ( 7.499999999999992006, -5.204170427930421283E-15, -0.3000000000000000999 ) ) ;
#1138 = DIRECTION ( 'NONE',  ( 1.029992063861228226E-15, 1.000000000000000000, -0.000000000000000000 ) ) ;
#1139 = ORIENTED_EDGE ( 'NONE', *, *, #705, .T. ) ;
#1140 = VERTEX_POINT ( 'NONE', #1331 ) ;
#1141 = EDGE_CURVE ( 'NONE', #13, #942, #1510, .T. ) ;
#1142 = CARTESIAN_POINT ( 'NONE',  ( 7.150000000000002132, 21.50000000000000000, 2.499999999999999556 ) ) ;
#1143 = CARTESIAN_POINT ( 'NONE',  ( 7.499999999999992006, -5.000000000000004441, 0.3000000000000000999 ) ) ;
#1144 = ADVANCED_FACE ( 'NONE', ( #1072 ), #1300, .F. ) ;
#1145 = CARTESIAN_POINT ( 'NONE',  ( -3.401418580346680326E-16, 21.00000000000000000, -2.000000000000000000 ) ) ;
#1146 = DIRECTION ( 'NONE',  ( 0.000000000000000000, 0.000000000000000000, 1.000000000000000000 ) ) ;
#1147 = ORIENTED_EDGE ( 'NONE', *, *, #1626, .T. ) ;
#1148 = ORIENTED_EDGE ( 'NONE', *, *, #300, .T. ) ;
#1149 = ORIENTED_EDGE ( 'NONE', *, *, #1368, .T. ) ;
#1150 = CARTESIAN_POINT ( 'NONE',  ( -4.649999999999997691, 5.000000000000000000, -2.249999999999995559 ) ) ;
#1151 = DIRECTION ( 'NONE',  ( 1.029992063861228226E-15, -1.000000000000000000, 0.000000000000000000 ) ) ;
#1152 = CARTESIAN_POINT ( 'NONE',  ( 7.499999999999991118, -5.204170427930421283E-15, 0.000000000000000000 ) ) ;
#1153 = CARTESIAN_POINT ( 'NONE',  ( 7.799999999999990941, 3.002221399786053180, -3.673940397442061963E-17 ) ) ;
#1154 = EDGE_LOOP ( 'NONE', ( #871, #1609, #1504, #531, #1214 ) ) ;
#1155 = EDGE_CURVE ( 'NONE', #673, #1013, #438, .T. ) ;
#1156 = ORIENTED_EDGE ( 'NONE', *, *, #1141, .F. ) ;
#1157 = CARTESIAN_POINT ( 'NONE',  ( 7.650000000000001243, 5.400000000000002132, 1.999999999999997335 ) ) ;
#1158 = VECTOR ( 'NONE', #116, 999.9999999999998863 ) ;
#1159 = AXIS2_PLACEMENT_3D ( 'NONE', #1623, #625, #52 ) ;
#1160 = VECTOR ( 'NONE', #68, 1000.000000000000000 ) ;
#1161 = DIRECTION ( 'NONE',  ( 1.000000000000000000, 0.000000000000000000, 0.000000000000000000 ) ) ;
#1162 = ADVANCED_FACE ( 'NONE', ( #1599 ), #883, .F. ) ;
#1163 = LINE ( 'NONE', #1584, #649 ) ;
#1164 = TOROIDAL_SURFACE ( 'NONE', #1188, 0.3999999999999983569, 0.3000000000000000999 ) ;
#1165 = VERTEX_POINT ( 'NONE', #1157 ) ;
#1166 = ORIENTED_EDGE ( 'NONE', *, *, #466, .F. ) ;
#1167 = FACE_OUTER_BOUND ( 'NONE', #1005, .T. ) ;
#1168 = DIRECTION ( 'NONE',  ( 0.000000000000000000, 0.000000000000000000, 1.000000000000000000 ) ) ;
#1169 = CARTESIAN_POINT ( 'NONE',  ( 7.150000000000002132, 21.00000000000000000, 1.999999999999999556 ) ) ;
#1170 = ORIENTED_EDGE ( 'NONE', *, *, #1291, .T. ) ;
#1171 = VERTEX_POINT ( 'NONE', #941 ) ;
#1172 = ADVANCED_FACE ( 'NONE', ( #766 ), #217, .T. ) ;
#1173 = CARTESIAN_POINT ( 'NONE',  ( -7.149999999999998579, 5.000000000000000000, -2.500000000000001332 ) ) ;
#1174 = DIRECTION ( 'NONE',  ( -0.8660254037844373753, -0.5000000000000025535, 0.000000000000000000 ) ) ;
#1175 = DIRECTION ( 'NONE',  ( 1.000000000000000000, 0.000000000000000000, 0.000000000000000000 ) ) ;
#1176 = EDGE_CURVE ( 'NONE', #1708, #1289, #190, .T. ) ;
#1177 = EDGE_LOOP ( 'NONE', ( #859, #645, #1350, #1036 ) ) ;
#1178 = VERTEX_POINT ( 'NONE', #15 ) ;
#1179 = CARTESIAN_POINT ( 'NONE',  ( -7.149999999999998579, 5.000000000000000000, -2.500000000000001332 ) ) ;
#1180 = AXIS2_PLACEMENT_3D ( 'NONE', #99, #1365, #934 ) ;
#1181 = COLOUR_RGB ( '',0.7921568627450980005, 0.8196078431372548767, 0.9333333333333333481 ) ;
#1182 = FACE_OUTER_BOUND ( 'NONE', #575, .T. ) ;
#1183 = DIRECTION ( 'NONE',  ( -0.000000000000000000, 0.000000000000000000, 1.000000000000000000 ) ) ;
#1184 = VECTOR ( 'NONE', #77, 1000.000000000000000 ) ;
#1185 =( GEOMETRIC_REPRESENTATION_CONTEXT ( 3 ) GLOBAL_UNCERTAINTY_ASSIGNED_CONTEXT ( ( #191 ) ) GLOBAL_UNIT_ASSIGNED_CONTEXT ( ( #1367, #982, #805 ) ) REPRESENTATION_CONTEXT ( 'NONE', 'WORKASPACE' ) );
#1186 = ORIENTED_EDGE ( 'NONE', *, *, #687, .T. ) ;
#1187 = CARTESIAN_POINT ( 'NONE',  ( 0.000000000000000000, 5.000000000000000000, 0.000000000000000000 ) ) ;
#1188 = AXIS2_PLACEMENT_3D ( 'NONE', #1296, #1146, #1743 ) ;
#1189 = EDGE_LOOP ( 'NONE', ( #618, #1398, #1815, #248 ) ) ;
#1190 = EDGE_CURVE ( 'NONE', #1538, #471, #1492, .T. ) ;
#1191 = LINE ( 'NONE', #1033, #110 ) ;
#1192 = CARTESIAN_POINT ( 'NONE',  ( -7.299999999999989164, 0.3464101615137712420, 0.000000000000000000 ) ) ;
#1193 = DIRECTION ( 'NONE',  ( 1.000000000000000000, 1.029992063861227437E-15, 0.000000000000000000 ) ) ;
#1194 = EDGE_CURVE ( 'NONE', #983, #278, #441, .T. ) ;
#1195 = ORIENTED_EDGE ( 'NONE', *, *, #1371, .T. ) ;
#1196 = DIRECTION ( 'NONE',  ( 1.029992063861228226E-15, -1.000000000000000000, 0.000000000000000000 ) ) ;
#1197 = ORIENTED_EDGE ( 'NONE', *, *, #334, .F. ) ;
#1198 = ADVANCED_FACE ( 'NONE', ( #1352 ), #1736, .F. ) ;
#1199 = CARTESIAN_POINT ( 'NONE',  ( -7.149999999999998579, 21.00000000000000000, -2.499999999999998668 ) ) ;
#1200 = DIRECTION ( 'NONE',  ( 1.000000000000000000, 1.445602896647339508E-15, 0.000000000000000000 ) ) ;
#1201 = DIRECTION ( 'NONE',  ( -0.000000000000000000, 1.000000000000000000, -0.000000000000000000 ) ) ;
#1202 = ORIENTED_EDGE ( 'NONE', *, *, #1845, .F. ) ;
#1203 = DIRECTION ( 'NONE',  ( -1.000000000000000000, 0.000000000000000000, 0.000000000000000000 ) ) ;
#1204 = ORIENTED_EDGE ( 'NONE', *, *, #656, .F. ) ;
#1205 = EDGE_CURVE ( 'NONE', #159, #764, #342, .T. ) ;
#1206 = CARTESIAN_POINT ( 'NONE',  ( 7.150000000000002132, 21.50000000000000000, 2.499999999999999556 ) ) ;
#1207 = DIRECTION ( 'NONE',  ( 1.000000000000000000, 0.000000000000000000, 0.000000000000000000 ) ) ;
#1208 = DIRECTION ( 'NONE',  ( 0.000000000000000000, 1.000000000000000000, 0.000000000000000000 ) ) ;
#1209 = VECTOR ( 'NONE', #156, 1000.000000000000000 ) ;
#1210 = CARTESIAN_POINT ( 'NONE',  ( -4.649999999999997691, 5.400000000000001243, 2.249999999999999112 ) ) ;
#1211 = AXIS2_PLACEMENT_3D ( 'NONE', #163, #772, #1322 ) ;
#1212 = DIRECTION ( 'NONE',  ( 0.000000000000000000, -0.000000000000000000, 1.000000000000000000 ) ) ;
#1213 = AXIS2_PLACEMENT_3D ( 'NONE', #1187, #210, #302 ) ;
#1214 = ORIENTED_EDGE ( 'NONE', *, *, #282, .T. ) ;
#1215 = VECTOR ( 'NONE', #589, 1000.000000000000000 ) ;
#1216 = TOROIDAL_SURFACE ( 'NONE', #623, 0.6000000000000016431, 0.3000000000000000999 ) ;
#1217 = DIRECTION ( 'NONE',  ( 0.5000000000000022204, 0.8660254037844372643, 0.000000000000000000 ) ) ;
#1218 = STYLED_ITEM ( 'NONE', ( #1303 ), #58 ) ;
#1219 = SURFACE_STYLE_USAGE ( .BOTH. , #811 ) ;
#1220 = DIRECTION ( 'NONE',  ( -1.000000000000000000, 0.000000000000000000, 0.000000000000000000 ) ) ;
#1221 = CARTESIAN_POINT ( 'NONE',  ( -7.149999999999998579, 21.50000000000000000, 2.000000000000001332 ) ) ;
#1222 = CARTESIAN_POINT ( 'NONE',  ( 4.650000000000001243, 5.400000000000001243, 2.500000000000000444 ) ) ;
#1223 = ORIENTED_EDGE ( 'NONE', *, *, #909, .F. ) ;
#1224 = ADVANCED_FACE ( 'NONE', ( #629 ), #1738, .T. ) ;
#1225 = CARTESIAN_POINT ( 'NONE',  ( -7.649999999999997691, 5.400000000000000355, -1.999999999999998224 ) ) ;
#1226 = DIRECTION ( 'NONE',  ( -0.000000000000000000, 1.000000000000000000, -0.000000000000000000 ) ) ;
#1227 = EDGE_CURVE ( 'NONE', #1511, #1543, #183, .T. ) ;
#1228 = CARTESIAN_POINT ( 'NONE',  ( 6.049999999999987388, 0.7216878364870330520, 0.000000000000000000 ) ) ;
#1229 = FACE_OUTER_BOUND ( 'NONE', #929, .T. ) ;
#1230 = ORIENTED_EDGE ( 'NONE', *, *, #1377, .T. ) ;
#1231 = DIRECTION ( 'NONE',  ( 1.133806193448893442E-16, 0.000000000000000000, 1.000000000000000000 ) ) ;
#1232 = DIRECTION ( 'NONE',  ( 0.000000000000000000, 1.000000000000000000, -8.673617379884027583E-16 ) ) ;
#1233 = ORIENTED_EDGE ( 'NONE', *, *, #1852, .F. ) ;
#1234 = CARTESIAN_POINT ( 'NONE',  ( 7.499999999999992006, -5.000000000000004441, 0.000000000000000000 ) ) ;
#1235 = DIRECTION ( 'NONE',  ( 1.029992063861228226E-15, 1.000000000000000000, -0.000000000000000000 ) ) ;
#1236 = DIRECTION ( 'NONE',  ( 0.8660254037844384856, 0.5000000000000003331, -0.000000000000000000 ) ) ;
#1237 = DIRECTION ( 'NONE',  ( -3.617355405169677682E-16, -1.000000000000000000, 0.000000000000000000 ) ) ;
#1238 = DIRECTION ( 'NONE',  ( 0.000000000000000000, -1.000000000000000000, 0.000000000000000000 ) ) ;
#1239 = CARTESIAN_POINT ( 'NONE',  ( -7.199999999999992184, 5.399999999999980815, 0.000000000000000000 ) ) ;
#1240 = ORIENTED_EDGE ( 'NONE', *, *, #1017, .F. ) ;
#1241 = AXIS2_PLACEMENT_3D ( 'NONE', #731, #17, #433 ) ;
#1242 = ORIENTED_EDGE ( 'NONE', *, *, #229, .F. ) ;
#1243 = AXIS2_PLACEMENT_3D ( 'NONE', #1563, #842, #1134 ) ;
#1244 = DIRECTION ( 'NONE',  ( 0.8660254037844383745, 0.5000000000000008882, -0.000000000000000000 ) ) ;
#1245 = AXIS2_PLACEMENT_3D ( 'NONE', #567, #1266, #422 ) ;
#1246 = DIRECTION ( 'NONE',  ( 0.8660254037844378194, -0.5000000000000014433, 0.000000000000000000 ) ) ;
#1247 = CIRCLE ( 'NONE', #291, 0.5000000000000000000 ) ;
#1248 = CARTESIAN_POINT ( 'NONE',  ( -6.049999999999987388, 0.7216878364870330520, 0.000000000000000000 ) ) ;
#1249 = LINE ( 'NONE', #959, #746 ) ;
#1250 = VERTEX_POINT ( 'NONE', #1081 ) ;
#1251 = CARTESIAN_POINT ( 'NONE',  ( -7.299999999999991829, 2.655811238272279162, 0.000000000000000000 ) ) ;
#1252 = LINE ( 'NONE', #247, #1788 ) ;
#1253 = EDGE_CURVE ( 'NONE', #942, #341, #1494, .T. ) ;
#1254 = ORIENTED_EDGE ( 'NONE', *, *, #1621, .F. ) ;
#1255 = ORIENTED_EDGE ( 'NONE', *, *, #624, .F. ) ;
#1256 = CARTESIAN_POINT ( 'NONE',  ( -7.649999999999998579, 5.400000000000001243, 2.249999999999999112 ) ) ;
#1257 = FACE_OUTER_BOUND ( 'NONE', #232, .T. ) ;
#1258 = LINE ( 'NONE', #295, #496 ) ;
#1259 = CARTESIAN_POINT ( 'NONE',  ( 7.449999999999992184, 2.396003617136948538, -3.673940397442060115E-17 ) ) ;
#1260 = ORIENTED_EDGE ( 'NONE', *, *, #1780, .T. ) ;
#1261 = EDGE_LOOP ( 'NONE', ( #290, #1170, #1148, #1493 ) ) ;
#1262 = DIRECTION ( 'NONE',  ( 1.029992063861228226E-15, 1.000000000000000000, -0.000000000000000000 ) ) ;
#1263 = DIRECTION ( 'NONE',  ( 0.000000000000000000, 1.000000000000000000, 0.000000000000000000 ) ) ;
#1264 = ORIENTED_EDGE ( 'NONE', *, *, #1780, .F. ) ;
#1265 = FACE_OUTER_BOUND ( 'NONE', #717, .T. ) ;
#1266 = DIRECTION ( 'NONE',  ( 1.734723475976808869E-15, -1.000000000000000000, -0.000000000000000000 ) ) ;
#1267 = CARTESIAN_POINT ( 'NONE',  ( 7.150000000000002132, 5.000000000000000000, -2.500000000000001332 ) ) ;
#1268 = DIRECTION ( 'NONE',  ( -1.000000000000000000, 0.000000000000000000, 1.700709290173340163E-16 ) ) ;
#1269 = ORIENTED_EDGE ( 'NONE', *, *, #1626, .F. ) ;
#1270 = DIRECTION ( 'NONE',  ( 1.000000000000000000, -0.000000000000000000, -0.000000000000000000 ) ) ;
#1271 = FACE_OUTER_BOUND ( 'NONE', #47, .T. ) ;
#1272 = EDGE_CURVE ( 'NONE', #455, #211, #1046, .T. ) ;
#1273 = ORIENTED_EDGE ( 'NONE', *, *, #1291, .F. ) ;
#1274 = AXIS2_PLACEMENT_3D ( 'NONE', #240, #953, #363 ) ;
#1275 = MANIFOLD_SOLID_BREP ( 'Body-Move/Copy1', #335 ) ;
#1276 = AXIS2_PLACEMENT_3D ( 'NONE', #1752, #1328, #41 ) ;
#1277 = EDGE_LOOP ( 'NONE', ( #1681, #1469, #1771, #1197 ) ) ;
#1278 = CARTESIAN_POINT ( 'NONE',  ( 7.650000000000003020, 21.50000000000000000, -2.500000000000001332 ) ) ;
#1279 = VECTOR ( 'NONE', #957, 1000.000000000000000 ) ;
#1280 = COLOUR_RGB ( '',0.2509803921568627416, 0.2509803921568627416, 0.2509803921568627416 ) ;
#1281 = APPLICATION_PROTOCOL_DEFINITION ( 'draft international standard', 'automotive_design', 1998, #1760 ) ;
#1282 = AXIS2_PLACEMENT_3D ( 'NONE', #749, #1624, #69 ) ;
#1283 = VECTOR ( 'NONE', #1447, 1000.000000000000000 ) ;
#1284 = CARTESIAN_POINT ( 'NONE',  ( 7.199999999999992184, 5.399999999999980815, 0.000000000000000000 ) ) ;
#1285 = CARTESIAN_POINT ( 'NONE',  ( -6.049999999999987388, 0.7216878364870329410, 0.000000000000000000 ) ) ;
#1286 = ORIENTED_EDGE ( 'NONE', *, *, #1319, .T. ) ;
#1287 = ORIENTED_EDGE ( 'NONE', *, *, #424, .F. ) ;
#1288 = VERTEX_POINT ( 'NONE', #1797 ) ;
#1289 = VERTEX_POINT ( 'NONE', #1222 ) ;
#1290 = CARTESIAN_POINT ( 'NONE',  ( 0.000000000000000000, 5.000000000000000000, 0.000000000000000000 ) ) ;
#1291 = EDGE_CURVE ( 'NONE', #936, #1171, #378, .T. ) ;
#1292 =( LENGTH_UNIT ( ) NAMED_UNIT ( * ) SI_UNIT ( .MILLI., .METRE. ) );
#1293 = EDGE_CURVE ( 'NONE', #688, #726, #1088, .T. ) ;
#1294 =( NAMED_UNIT ( * ) SI_UNIT ( $, .STERADIAN. ) SOLID_ANGLE_UNIT ( ) );
#1295 = DIRECTION ( 'NONE',  ( -1.734723475976806848E-16, 0.000000000000000000, 1.000000000000000000 ) ) ;
#1296 = CARTESIAN_POINT ( 'NONE',  ( -7.099999999999989875, -3.035766082959412415E-15, 0.000000000000000000 ) ) ;
#1297 = EDGE_CURVE ( 'NONE', #185, #1481, #199, .T. ) ;
#1298 = EDGE_LOOP ( 'NONE', ( #848, #202, #192 ) ) ;
#1299 = ORIENTED_EDGE ( 'NONE', *, *, #571, .F. ) ;
#1300 = PLANE ( 'NONE',  #1213 ) ;
#1301 = EDGE_CURVE ( 'NONE', #1347, #926, #973, .T. ) ;
#1302 = LINE ( 'NONE', #1015, #1045 ) ;
#1303 = PRESENTATION_STYLE_ASSIGNMENT (( #992 ) ) ;
#1304 = FACE_OUTER_BOUND ( 'NONE', #781, .T. ) ;
#1305 = CARTESIAN_POINT ( 'NONE',  ( -7.099999999999990763, 3.002221399786054068, 0.000000000000000000 ) ) ;
#1306 = EDGE_LOOP ( 'NONE', ( #388, #269 ) ) ;
#1307 = AXIS2_PLACEMENT_3D ( 'NONE', #1234, #943, #809 ) ;
#1308 = ORIENTED_EDGE ( 'NONE', *, *, #1473, .F. ) ;
#1309 = CIRCLE ( 'NONE', #1130, 0.2999999999999999334 ) ;
#1310 = VECTOR ( 'NONE', #186, 1000.000000000000000 ) ;
#1311 = CARTESIAN_POINT ( 'NONE',  ( -7.649999999999997691, 21.50000000000000000, -1.999999999999998668 ) ) ;
#1312 = DIRECTION ( 'NONE',  ( 1.000000000000000000, 1.029992063861227437E-15, 0.000000000000000000 ) ) ;
#1313 = CIRCLE ( 'NONE', #865, 0.2999999999999999334 ) ;
#1314 = CARTESIAN_POINT ( 'NONE',  ( -7.149999999999998579, 5.400000000000001243, -1.999999999999998224 ) ) ;
#1315 = CARTESIAN_POINT ( 'NONE',  ( -7.149999999999998579, 5.000000000000000000, 2.500000000000000444 ) ) ;
#1316 = AXIS2_PLACEMENT_3D ( 'NONE', #268, #137, #1030 ) ;
#1317 = ORIENTED_EDGE ( 'NONE', *, *, #1092, .F. ) ;
#1318 = CIRCLE ( 'NONE', #1713, 0.2999999999999998779 ) ;
#1319 = EDGE_CURVE ( 'NONE', #984, #1708, #1252, .T. ) ;
#1320 = ORIENTED_EDGE ( 'NONE', *, *, #158, .F. ) ;
#1321 = EDGE_CURVE ( 'NONE', #608, #1386, #1466, .T. ) ;
#1322 = DIRECTION ( 'NONE',  ( -1.000000000000000000, 1.029992063861228226E-15, 0.000000000000000000 ) ) ;
#1323 = DIRECTION ( 'NONE',  ( 1.409462824231157145E-15, 1.000000000000000000, 0.000000000000000000 ) ) ;
#1324 = DIRECTION ( 'NONE',  ( -0.5000000000000001110, 0.8660254037844385966, 0.000000000000000000 ) ) ;
#1325 = EDGE_LOOP ( 'NONE', ( #1120, #1061, #1539, #1779 ) ) ;
#1326 = EDGE_LOOP ( 'NONE', ( #1341, #638, #1698 ) ) ;
#1327 = CARTESIAN_POINT ( 'NONE',  ( -7.149999999999998579, 5.000000000000000000, -2.249999999999995559 ) ) ;
#1328 = DIRECTION ( 'NONE',  ( 0.000000000000000000, 1.000000000000000000, 0.000000000000000000 ) ) ;
#1329 = DIRECTION ( 'NONE',  ( 0.000000000000000000, 1.000000000000000000, -0.000000000000000000 ) ) ;
#1330 = VERTEX_POINT ( 'NONE', #1837 ) ;
#1331 = CARTESIAN_POINT ( 'NONE',  ( 7.449999999999991296, 2.396003617136948094, -3.673940397442060115E-17 ) ) ;
#1332 = ADVANCED_FACE ( 'NONE', ( #111 ), #1022, .T. ) ;
#1333 = EDGE_LOOP ( 'NONE', ( #1411, #1540, #1522, #1299 ) ) ;
#1334 = LINE ( 'NONE', #450, #494 ) ;
#1335 = VECTOR ( 'NONE', #659, 1000.000000000000000 ) ;
#1336 = CIRCLE ( 'NONE', #23, 0.2999999999999999334 ) ;
#1337 = DIRECTION ( 'NONE',  ( -0.5000000000000024425, -0.8660254037844373753, 0.000000000000000000 ) ) ;
#1338 = DIRECTION ( 'NONE',  ( 0.000000000000000000, 0.000000000000000000, 1.000000000000000000 ) ) ;
#1339 = CIRCLE ( 'NONE', #1816, 0.5000000000000000000 ) ;
#1340 = TOROIDAL_SURFACE ( 'NONE', #288, 0.3999999999999949707, 0.3000000000000000999 ) ;
#1341 = ORIENTED_EDGE ( 'NONE', *, *, #546, .T. ) ;
#1342 = DIRECTION ( 'NONE',  ( -0.000000000000000000, 1.000000000000000000, 0.000000000000000000 ) ) ;
#1343 = CIRCLE ( 'NONE', #745, 0.9000000000000014655 ) ;
#1344 = ORIENTED_EDGE ( 'NONE', *, *, #103, .F. ) ;
#1345 = CIRCLE ( 'NONE', #1564, 0.3000000000000000999 ) ;
#1346 = CARTESIAN_POINT ( 'NONE',  ( 7.150000000000003020, 5.400000000000001243, -2.000000000000001332 ) ) ;
#1347 = VERTEX_POINT ( 'NONE', #1381 ) ;
#1348 = LINE ( 'NONE', #61, #1364 ) ;
#1349 = FACE_OUTER_BOUND ( 'NONE', #881, .T. ) ;
#1350 = ORIENTED_EDGE ( 'NONE', *, *, #546, .F. ) ;
#1351 = ADVANCED_FACE ( 'NONE', ( #409 ), #1388, .T. ) ;
#1352 = FACE_OUTER_BOUND ( 'NONE', #1333, .T. ) ;
#1353 = ORIENTED_EDGE ( 'NONE', *, *, #592, .F. ) ;
#1354 = LINE ( 'NONE', #385, #558 ) ;
#1355 = EDGE_CURVE ( 'NONE', #768, #608, #1135, .T. ) ;
#1356 = CARTESIAN_POINT ( 'NONE',  ( 4.650000000000001243, 5.000000000000000000, -2.500000000000001332 ) ) ;
#1357 = CARTESIAN_POINT ( 'NONE',  ( -7.499999999999991118, -5.204170427930421283E-15, 0.000000000000000000 ) ) ;
#1358 = LINE ( 'NONE', #1796, #587 ) ;
#1359 = DIRECTION ( 'NONE',  ( 0.000000000000000000, -0.000000000000000000, 1.000000000000000000 ) ) ;
#1360 = VERTEX_POINT ( 'NONE', #1239 ) ;
#1361 = CARTESIAN_POINT ( 'NONE',  ( 7.099999999999989875, -3.035766082959412415E-15, 0.000000000000000000 ) ) ;
#1362 = AXIS2_PLACEMENT_3D ( 'NONE', #1087, #1663, #369 ) ;
#1363 = FACE_OUTER_BOUND ( 'NONE', #447, .T. ) ;
#1364 = VECTOR ( 'NONE', #1774, 1000.000000000000000 ) ;
#1365 = DIRECTION ( 'NONE',  ( 1.029992063861228226E-15, 1.000000000000000000, -0.000000000000000000 ) ) ;
#1366 = AXIS2_PLACEMENT_3D ( 'NONE', #423, #1151, #1571 ) ;
#1367 =( LENGTH_UNIT ( ) NAMED_UNIT ( * ) SI_UNIT ( .MILLI., .METRE. ) );
#1368 = EDGE_CURVE ( 'NONE', #1598, #1098, #121, .T. ) ;
#1369 = VECTOR ( 'NONE', #45, 1000.000000000000000 ) ;
#1370 = EDGE_LOOP ( 'NONE', ( #279, #1498, #1147, #430, #380 ) ) ;
#1371 = EDGE_CURVE ( 'NONE', #361, #984, #1531, .T. ) ;
#1372 = AXIS2_PLACEMENT_3D ( 'NONE', #276, #581, #129 ) ;
#1373 = PRODUCT_DEFINITION_FORMATION_WITH_SPECIFIED_SOURCE ( 'ANY', '', #569, .NOT_KNOWN. ) ;
#1374 = ORIENTED_EDGE ( 'NONE', *, *, #294, .F. ) ;
#1375 = CARTESIAN_POINT ( 'NONE',  ( 6.199999999999991296, 2.020725942163689837, 0.000000000000000000 ) ) ;
#1376 = CARTESIAN_POINT ( 'NONE',  ( 7.150000000000002132, 21.00000000000000000, 1.999999999999999556 ) ) ;
#1377 = EDGE_CURVE ( 'NONE', #658, #278, #228, .T. ) ;
#1378 = DIRECTION ( 'NONE',  ( 1.000000000000000000, 0.000000000000000000, 0.000000000000000000 ) ) ;
#1379 = CARTESIAN_POINT ( 'NONE',  ( -7.649999999999998579, 4.599999999999998757, 2.249999999999999112 ) ) ;
#1380 = PLANE ( 'NONE',  #827 ) ;
#1381 = CARTESIAN_POINT ( 'NONE',  ( -7.149999999999998579, 5.000000000000000000, 2.249999999999999112 ) ) ;
#1382 = ORIENTED_EDGE ( 'NONE', *, *, #530, .F. ) ;
#1383 = DIRECTION ( 'NONE',  ( -0.5000000000000001110, 0.8660254037844385966, 0.000000000000000000 ) ) ;
#1384 = CYLINDRICAL_SURFACE ( 'NONE', #834, 0.3000000000000003220 ) ;
#1385 = FACE_OUTER_BOUND ( 'NONE', #1854, .T. ) ;
#1386 = VERTEX_POINT ( 'NONE', #1675 ) ;
#1387 = LINE ( 'NONE', #663, #491 ) ;
#1388 = CYLINDRICAL_SURFACE ( 'NONE', #379, 0.3000000000000001554 ) ;
#1389 = VERTEX_POINT ( 'NONE', #381 ) ;
#1390 = DIRECTION ( 'NONE',  ( 1.000000000000000000, 0.000000000000000000, 0.000000000000000000 ) ) ;
#1391 = DIRECTION ( 'NONE',  ( 1.029992063861228226E-15, -1.000000000000000000, 0.000000000000000000 ) ) ;
#1392 = CARTESIAN_POINT ( 'NONE',  ( -7.149999999999998579, 21.00000000000000000, 2.000000000000001332 ) ) ;
#1393 = EDGE_CURVE ( 'NONE', #936, #37, #1106, .T. ) ;
#1394 = DIRECTION ( 'NONE',  ( -0.5000000000000025535, -0.8660254037844371533, 0.000000000000000000 ) ) ;
#1395 = FACE_OUTER_BOUND ( 'NONE', #1101, .T. ) ;
#1396 = ORIENTED_EDGE ( 'NONE', *, *, #1110, .T. ) ;
#1397 = CIRCLE ( 'NONE', #644, 0.2999999999999999334 ) ;
#1398 = ORIENTED_EDGE ( 'NONE', *, *, #10, .F. ) ;
#1399 = AXIS2_PLACEMENT_3D ( 'NONE', #376, #1236, #660 ) ;
#1400 = EDGE_LOOP ( 'NONE', ( #1047, #980, #1835, #1764, #785, #777, #1719, #44, #1724, #1286 ) ) ;
#1401 = CARTESIAN_POINT ( 'NONE',  ( -6.499999999999991118, 1.501110699893025924, 0.000000000000000000 ) ) ;
#1402 = AXIS2_PLACEMENT_3D ( 'NONE', #1628, #1196, #776 ) ;
#1403 = FACE_OUTER_BOUND ( 'NONE', #1326, .T. ) ;
#1404 = AXIS2_PLACEMENT_3D ( 'NONE', #888, #446, #1441 ) ;
#1405 = CARTESIAN_POINT ( 'NONE',  ( 7.499999999999992006, -5.204170427930422072E-15, 0.3000000000000000999 ) ) ;
#1406 = VECTOR ( 'NONE', #1094, 999.9999999999998863 ) ;
#1407 = DIRECTION ( 'NONE',  ( -1.000000000000000000, 0.000000000000000000, -1.734723475976806848E-16 ) ) ;
#1408 = ORIENTED_EDGE ( 'NONE', *, *, #229, .T. ) ;
#1409 = VERTEX_POINT ( 'NONE', #306 ) ;
#1410 = DIRECTION ( 'NONE',  ( 0.000000000000000000, 0.000000000000000000, 1.000000000000000000 ) ) ;
#1411 = ORIENTED_EDGE ( 'NONE', *, *, #1301, .T. ) ;
#1412 = ORIENTED_EDGE ( 'NONE', *, *, #482, .F. ) ;
#1413 = DIRECTION ( 'NONE',  ( 1.000000000000000000, 0.000000000000000000, 0.000000000000000000 ) ) ;
#1414 = DIRECTION ( 'NONE',  ( -0.000000000000000000, -0.000000000000000000, 1.000000000000000000 ) ) ;
#1415 = DIRECTION ( 'NONE',  ( 0.000000000000000000, 0.000000000000000000, -1.000000000000000000 ) ) ;
#1416 = ORIENTED_EDGE ( 'NONE', *, *, #870, .T. ) ;
#1417 = DIRECTION ( 'NONE',  ( 0.000000000000000000, 0.000000000000000000, 1.000000000000000000 ) ) ;
#1418 = DIRECTION ( 'NONE',  ( 0.000000000000000000, -1.000000000000000000, 0.000000000000000000 ) ) ;
#1419 = VERTEX_POINT ( 'NONE', #599 ) ;
#1420 = ORIENTED_EDGE ( 'NONE', *, *, #334, .T. ) ;
#1421 = ORIENTED_EDGE ( 'NONE', *, *, #1301, .F. ) ;
#1422 = DIRECTION ( 'NONE',  ( 0.000000000000000000, 0.000000000000000000, -1.000000000000000000 ) ) ;
#1423 = CARTESIAN_POINT ( 'NONE',  ( -7.149999999999998579, 21.00000000000000000, 2.000000000000001332 ) ) ;
#1424 = DIRECTION ( 'NONE',  ( 0.000000000000000000, 0.000000000000000000, 1.000000000000000000 ) ) ;
#1425 = ORIENTED_EDGE ( 'NONE', *, *, #931, .F. ) ;
#1426 = DIRECTION ( 'NONE',  ( 1.000000000000000000, 0.000000000000000000, 1.734723475976807094E-16 ) ) ;
#1427 = DIRECTION ( 'NONE',  ( -0.000000000000000000, -0.000000000000000000, 1.000000000000000000 ) ) ;
#1428 = VERTEX_POINT ( 'NONE', #846 ) ;
#1429 = EDGE_CURVE ( 'NONE', #591, #849, #298, .T. ) ;
#1430 = AXIS2_PLACEMENT_3D ( 'NONE', #1831, #263, #401 ) ;
#1431 = EDGE_CURVE ( 'NONE', #1611, #160, #1449, .T. ) ;
#1432 = VECTOR ( 'NONE', #485, 1000.000000000000000 ) ;
#1433 = EDGE_CURVE ( 'NONE', #1178, #142, #1679, .T. ) ;
#1434 = VERTEX_POINT ( 'NONE', #427 ) ;
#1435 = DIRECTION ( 'NONE',  ( 0.000000000000000000, 1.000000000000000000, 0.000000000000000000 ) ) ;
#1436 = VECTOR ( 'NONE', #1581, 1000.000000000000000 ) ;
#1437 =( NAMED_UNIT ( * ) SI_UNIT ( $, .STERADIAN. ) SOLID_ANGLE_UNIT ( ) );
#1438 =( LENGTH_UNIT ( ) NAMED_UNIT ( * ) SI_UNIT ( .MILLI., .METRE. ) );
#1439 = MECHANICAL_DESIGN_GEOMETRIC_PRESENTATION_REPRESENTATION (  '', ( #1218 ), #293 ) ;
#1440 = LINE ( 'NONE', #164, #285 ) ;
#1441 = DIRECTION ( 'NONE',  ( 0.000000000000000000, 0.000000000000000000, 1.000000000000000000 ) ) ;
#1442 = ORIENTED_EDGE ( 'NONE', *, *, #1433, .T. ) ;
#1443 = EDGE_CURVE ( 'NONE', #142, #1178, #1075, .T. ) ;
#1444 = EDGE_LOOP ( 'NONE', ( #1732, #1569, #64, #1532 ) ) ;
#1445 = DIRECTION ( 'NONE',  ( -1.133806193448893442E-16, 0.000000000000000000, -1.000000000000000000 ) ) ;
#1446 = CARTESIAN_POINT ( 'NONE',  ( -7.499999999999992006, -5.000000000000004441, -0.3000000000000000999 ) ) ;
#1447 = DIRECTION ( 'NONE',  ( 0.000000000000000000, 1.000000000000000000, 0.000000000000000000 ) ) ;
#1448 = PLANE ( 'NONE',  #1241 ) ;
#1449 = LINE ( 'NONE', #1723, #320 ) ;
#1450 = EDGE_LOOP ( 'NONE', ( #1457, #308, #260, #1242 ) ) ;
#1451 = VERTEX_POINT ( 'NONE', #452 ) ;
#1452 = CARTESIAN_POINT ( 'NONE',  ( 7.499999999999991118, 3.002221399786053624, 0.000000000000000000 ) ) ;
#1453 = LINE ( 'NONE', #60, #49 ) ;
#1454 = ADVANCED_FACE ( 'NONE', ( #739 ), #532, .T. ) ;
#1455 = CYLINDRICAL_SURFACE ( 'NONE', #1849, 0.5000000000000004441 ) ;
#1456 = CARTESIAN_POINT ( 'NONE',  ( -7.149999999999998579, 5.399999999999999467, -2.500000000000001332 ) ) ;
#1457 = ORIENTED_EDGE ( 'NONE', *, *, #1545, .F. ) ;
#1458 = EDGE_CURVE ( 'NONE', #471, #1538, #716, .T. ) ;
#1459 = CIRCLE ( 'NONE', #460, 0.2999999999999998779 ) ;
#1460 = ORIENTED_EDGE ( 'NONE', *, *, #349, .F. ) ;
#1461 = CIRCLE ( 'NONE', #1783, 0.2999999999999999334 ) ;
#1462 = PRESENTATION_LAYER_ASSIGNMENT (  '', '', ( #925 ) ) ;
#1463 = CARTESIAN_POINT ( 'NONE',  ( -7.149999999999987921, 0.08660254037844096475, 0.000000000000000000 ) ) ;
#1464 = AXIS2_PLACEMENT_3D ( 'NONE', #935, #1359, #504 ) ;
#1465 = LINE ( 'NONE', #738, #1432 ) ;
#1466 = CIRCLE ( 'NONE', #1495, 0.5000000000000004441 ) ;
#1467 = CARTESIAN_POINT ( 'NONE',  ( -7.099999999999989875, -3.035766082959412415E-15, -3.673940397442060115E-17 ) ) ;
#1468 = AXIS2_PLACEMENT_3D ( 'NONE', #1662, #367, #812 ) ;
#1469 = ORIENTED_EDGE ( 'NONE', *, *, #1688, .T. ) ;
#1470 = ORIENTED_EDGE ( 'NONE', *, *, #310, .T. ) ;
#1471 = CARTESIAN_POINT ( 'NONE',  ( -7.149999999999998579, 5.000000000000000000, -2.249999999999995559 ) ) ;
#1472 = LINE ( 'NONE', #1643, #1071 ) ;
#1473 = EDGE_CURVE ( 'NONE', #1428, #613, #1163, .T. ) ;
#1474 = DIRECTION ( 'NONE',  ( -0.8660254037844375974, -0.5000000000000018874, -0.000000000000000000 ) ) ;
#1475 = ORIENTED_EDGE ( 'NONE', *, *, #1297, .T. ) ;
#1476 = EDGE_LOOP ( 'NONE', ( #1750, #130, #1156, #1766 ) ) ;
#1477 = LINE ( 'NONE', #1179, #1310 ) ;
#1478 = CARTESIAN_POINT ( 'NONE',  ( 7.650000000000003020, 21.00000000000000000, -2.000000000000001332 ) ) ;
#1479 = CARTESIAN_POINT ( 'NONE',  ( 0.000000000000000000, 5.000000000000000000, 0.000000000000000000 ) ) ;
#1480 = EDGE_CURVE ( 'NONE', #1451, #1718, #148, .T. ) ;
#1481 = VERTEX_POINT ( 'NONE', #1848 ) ;
#1482 = CARTESIAN_POINT ( 'NONE',  ( 7.150000000000002132, 5.000000000000000000, -2.500000000000001332 ) ) ;
#1483 = ORIENTED_EDGE ( 'NONE', *, *, #1293, .T. ) ;
#1484 = EDGE_CURVE ( 'NONE', #1511, #693, #1021, .T. ) ;
#1485 = DIRECTION ( 'NONE',  ( -1.000000000000000000, 0.000000000000000000, 1.700709290173340163E-16 ) ) ;
#1486 = CIRCLE ( 'NONE', #554, 0.5000000000000000000 ) ;
#1487 = ADVANCED_FACE ( 'NONE', ( #868 ), #157, .T. ) ;
#1488 = AXIS2_PLACEMENT_3D ( 'NONE', #328, #1168, #1059 ) ;
#1489 = CARTESIAN_POINT ( 'NONE',  ( 7.650000000000002132, 5.000000000000000000, 2.499999999999999556 ) ) ;
#1490 = LINE ( 'NONE', #1770, #1523 ) ;
#1491 = CIRCLE ( 'NONE', #1674, 0.5000000000000004441 ) ;
#1492 = CIRCLE ( 'NONE', #319, 0.2999999999999999334 ) ;
#1493 = ORIENTED_EDGE ( 'NONE', *, *, #176, .F. ) ;
#1494 = LINE ( 'NONE', #615, #1645 ) ;
#1495 = AXIS2_PLACEMENT_3D ( 'NONE', #816, #1664, #1232 ) ;
#1496 = ORIENTED_EDGE ( 'NONE', *, *, #1826, .F. ) ;
#1497 = EDGE_CURVE ( 'NONE', #59, #1409, #1247, .T. ) ;
#1498 = ORIENTED_EDGE ( 'NONE', *, *, #482, .T. ) ;
#1499 = CARTESIAN_POINT ( 'NONE',  ( -7.299999999999991829, 2.655811238272280050, 0.000000000000000000 ) ) ;
#1500 = DIRECTION ( 'NONE',  ( 0.000000000000000000, 0.000000000000000000, 1.000000000000000000 ) ) ;
#1501 = FACE_OUTER_BOUND ( 'NONE', #813, .T. ) ;
#1502 = ORIENTED_EDGE ( 'NONE', *, *, #770, .T. ) ;
#1503 = DIRECTION ( 'NONE',  ( 1.000000000000000000, -0.000000000000000000, -0.000000000000000000 ) ) ;
#1504 = ORIENTED_EDGE ( 'NONE', *, *, #815, .F. ) ;
#1505 = DIRECTION ( 'NONE',  ( 0.000000000000000000, 0.000000000000000000, -1.000000000000000000 ) ) ;
#1506 = CARTESIAN_POINT ( 'NONE',  ( 7.150000000000003020, 21.50000000000000000, -2.500000000000001332 ) ) ;
#1507 = CARTESIAN_POINT ( 'NONE',  ( 7.499999999999992006, 5.399999999999980815, 0.000000000000000000 ) ) ;
#1508 = EDGE_CURVE ( 'NONE', #838, #658, #563, .T. ) ;
#1509 = ORIENTED_EDGE ( 'NONE', *, *, #362, .F. ) ;
#1510 = LINE ( 'NONE', #1062, #170 ) ;
#1511 = VERTEX_POINT ( 'NONE', #703 ) ;
#1512 = ADVANCED_FACE ( 'NONE', ( #1271 ), #1164, .T. ) ;
#1513 = CYLINDRICAL_SURFACE ( 'NONE', #105, 0.3000000000000001554 ) ;
#1514 = FACE_OUTER_BOUND ( 'NONE', #1154, .T. ) ;
#1515 = DIRECTION ( 'NONE',  ( 1.000000000000000000, 0.000000000000000000, -0.000000000000000000 ) ) ;
#1516 = CARTESIAN_POINT ( 'NONE',  ( 7.149999999999990585, 2.915618859407611563, 0.000000000000000000 ) ) ;
#1517 = VECTOR ( 'NONE', #995, 1000.000000000000000 ) ;
#1518 = FACE_OUTER_BOUND ( 'NONE', #725, .T. ) ;
#1519 = TOROIDAL_SURFACE ( 'NONE', #713, 0.3999999999999949707, 0.3000000000000000999 ) ;
#1520 = CARTESIAN_POINT ( 'NONE',  ( -6.499999999999991118, 1.501110699893025924, 3.673940397442060115E-17 ) ) ;
#1521 = MECHANICAL_DESIGN_GEOMETRIC_PRESENTATION_REPRESENTATION (  '', ( #26 ), #1185 ) ;
#1522 = ORIENTED_EDGE ( 'NONE', *, *, #945, .T. ) ;
#1523 = VECTOR ( 'NONE', #1329, 1000.000000000000000 ) ;
#1524 = AXIS2_PLACEMENT_3D ( 'NONE', #1803, #1537, #78 ) ;
#1525 = CARTESIAN_POINT ( 'NONE',  ( -7.149999999999990585, 2.915618859407611563, 0.000000000000000000 ) ) ;
#1526 = DIRECTION ( 'NONE',  ( -0.000000000000000000, -0.000000000000000000, 1.000000000000000000 ) ) ;
#1527 = PLANE ( 'NONE',  #767 ) ;
#1528 = FACE_OUTER_BOUND ( 'NONE', #1706, .T. ) ;
#1529 = EDGE_CURVE ( 'NONE', #742, #455, #12, .T. ) ;
#1530 = DIRECTION ( 'NONE',  ( -0.000000000000000000, -1.000000000000000000, 0.000000000000000000 ) ) ;
#1531 = LINE ( 'NONE', #1705, #1791 ) ;
#1532 = ORIENTED_EDGE ( 'NONE', *, *, #1712, .F. ) ;
#1533 = APPLICATION_CONTEXT ( 'automotive_design' ) ;
#1534 = EDGE_CURVE ( 'NONE', #1409, #270, #1562, .T. ) ;
#1535 = PLANE ( 'NONE',  #893 ) ;
#1536 = DIRECTION ( 'NONE',  ( 0.000000000000000000, 1.000000000000000000, 0.000000000000000000 ) ) ;
#1537 = DIRECTION ( 'NONE',  ( 0.8660254037844384856, 0.5000000000000003331, -0.000000000000000000 ) ) ;
#1538 = VERTEX_POINT ( 'NONE', #1153 ) ;
#1539 = ORIENTED_EDGE ( 'NONE', *, *, #1431, .F. ) ;
#1540 = ORIENTED_EDGE ( 'NONE', *, *, #178, .T. ) ;
#1541 = PRESENTATION_STYLE_ASSIGNMENT (( #996 ) ) ;
#1542 = ORIENTED_EDGE ( 'NONE', *, *, #803, .T. ) ;
#1543 = VERTEX_POINT ( 'NONE', #1731 ) ;
#1544 = CARTESIAN_POINT ( 'NONE',  ( 7.650000000000002132, 21.00000000000000000, 1.999999999999999556 ) ) ;
#1545 = EDGE_CURVE ( 'NONE', #594, #1821, #1343, .T. ) ;
#1546 = FACE_OUTER_BOUND ( 'NONE', #1637, .T. ) ;
#1547 = CIRCLE ( 'NONE', #1778, 0.3000000000000000999 ) ;
#1548 = DIRECTION ( 'NONE',  ( -1.029992063861228226E-15, -1.000000000000000000, 0.000000000000000000 ) ) ;
#1549 = EDGE_CURVE ( 'NONE', #1250, #662, #993, .T. ) ;
#1550 = CIRCLE ( 'NONE', #612, 0.2999999999999999334 ) ;
#1551 = ORIENTED_EDGE ( 'NONE', *, *, #514, .F. ) ;
#1552 = DIRECTION ( 'NONE',  ( 0.000000000000000000, 0.000000000000000000, -1.000000000000000000 ) ) ;
#1553 = CARTESIAN_POINT ( 'NONE',  ( -7.149999999999998579, 5.000000000000000000, 2.249999999999999556 ) ) ;
#1554 = CIRCLE ( 'NONE', #986, 0.6999999999999984013 ) ;
#1555 = ORIENTED_EDGE ( 'NONE', *, *, #368, .T. ) ;
#1556 = AXIS2_PLACEMENT_3D ( 'NONE', #476, #1633, #309 ) ;
#1557 = ORIENTED_EDGE ( 'NONE', *, *, #1656, .F. ) ;
#1558 = AXIS2_PLACEMENT_3D ( 'NONE', #938, #668, #1505 ) ;
#1559 = CARTESIAN_POINT ( 'NONE',  ( -7.499999999999992006, 5.399999999999980815, 0.000000000000000000 ) ) ;
#1560 = CIRCLE ( 'NONE', #112, 0.3000000000000000999 ) ;
#1561 = CARTESIAN_POINT ( 'NONE',  ( 5.637851296924475145E-16, 5.399999999999988809, -2.500000000000001332 ) ) ;
#1562 = CIRCLE ( 'NONE', #1404, 0.5000000000000000000 ) ;
#1563 = CARTESIAN_POINT ( 'NONE',  ( 7.150000000000003020, 21.00000000000000000, -2.000000000000001332 ) ) ;
#1564 = AXIS2_PLACEMENT_3D ( 'NONE', #1834, #1685, #1394 ) ;
#1565 = CARTESIAN_POINT ( 'NONE',  ( 7.650000000000003020, 5.000000000000000000, -2.500000000000001332 ) ) ;
#1566 = ORIENTED_EDGE ( 'NONE', *, *, #1575, .F. ) ;
#1567 = CYLINDRICAL_SURFACE ( 'NONE', #255, 0.2999999999999999334 ) ;
#1568 = ORIENTED_EDGE ( 'NONE', *, *, #178, .F. ) ;
#1569 = ORIENTED_EDGE ( 'NONE', *, *, #852, .F. ) ;
#1570 = DIRECTION ( 'NONE',  ( 0.000000000000000000, 0.000000000000000000, 1.000000000000000000 ) ) ;
#1571 = DIRECTION ( 'NONE',  ( 1.000000000000000000, 0.000000000000000000, 0.000000000000000000 ) ) ;
#1572 = PRODUCT_CONTEXT ( 'NONE', #1533, 'mechanical' ) ;
#1573 = EDGE_CURVE ( 'NONE', #1481, #437, #1060, .T. ) ;
#1574 = DIRECTION ( 'NONE',  ( 1.029992063861228226E-15, 1.000000000000000000, -0.000000000000000000 ) ) ;
#1575 = EDGE_CURVE ( 'NONE', #72, #1821, #1593, .T. ) ;
#1576 = DIRECTION ( 'NONE',  ( 1.029992063861228226E-15, 1.000000000000000000, -0.000000000000000000 ) ) ;
#1577 = EDGE_CURVE ( 'NONE', #455, #270, #42, .T. ) ;
#1578 = ORIENTED_EDGE ( 'NONE', *, *, #1839, .F. ) ;
#1579 = ORIENTED_EDGE ( 'NONE', *, *, #1176, .F. ) ;
#1580 = ORIENTED_EDGE ( 'NONE', *, *, #712, .T. ) ;
#1581 = DIRECTION ( 'NONE',  ( -0.000000000000000000, 1.000000000000000000, -0.000000000000000000 ) ) ;
#1582 = CARTESIAN_POINT ( 'NONE',  ( -7.149999999999998579, 5.400000000000001243, -2.249999999999995559 ) ) ;
#1583 = CARTESIAN_POINT ( 'NONE',  ( -4.649999999999997691, 5.400000000000000355, -2.500000000000001332 ) ) ;
#1584 = CARTESIAN_POINT ( 'NONE',  ( 7.150000000000002132, 5.000000000000000000, -2.500000000000001332 ) ) ;
#1585 = ORIENTED_EDGE ( 'NONE', *, *, #196, .T. ) ;
#1586 = ORIENTED_EDGE ( 'NONE', *, *, #300, .F. ) ;
#1587 = ORIENTED_EDGE ( 'NONE', *, *, #274, .T. ) ;
#1588 = FACE_OUTER_BOUND ( 'NONE', #464, .T. ) ;
#1589 = CIRCLE ( 'NONE', #1366, 0.2999999999999999334 ) ;
#1590 = VECTOR ( 'NONE', #133, 1000.000000000000000 ) ;
#1591 = PRESENTATION_STYLE_ASSIGNMENT (( #16 ) ) ;
#1592 = CARTESIAN_POINT ( 'NONE',  ( -7.149999999999998579, 21.50000000000000000, -1.999999999999998224 ) ) ;
#1593 = CIRCLE ( 'NONE', #1048, 0.2999999999999998779 ) ;
#1594 = ADVANCED_FACE ( 'NONE', ( #62 ), #1635, .F. ) ;
#1595 = CARTESIAN_POINT ( 'NONE',  ( -4.649999999999997691, 5.000000000000000000, -2.500000000000001332 ) ) ;
#1596 = DIRECTION ( 'NONE',  ( 0.000000000000000000, -0.000000000000000000, -1.000000000000000000 ) ) ;
#1597 = ORIENTED_EDGE ( 'NONE', *, *, #507, .F. ) ;
#1598 = VERTEX_POINT ( 'NONE', #626 ) ;
#1599 = FACE_OUTER_BOUND ( 'NONE', #818, .T. ) ;
#1600 = ADVANCED_FACE ( 'NONE', ( #181 ), #501, .T. ) ;
#1601 = CARTESIAN_POINT ( 'NONE',  ( -7.149999999999998579, 5.399999999999999467, -2.500000000000001332 ) ) ;
#1602 = DIRECTION ( 'NONE',  ( -1.000000000000000000, 1.029992063861227437E-15, 0.000000000000000000 ) ) ;
#1603 = ORIENTED_EDGE ( 'NONE', *, *, #845, .T. ) ;
#1604 = ORIENTED_EDGE ( 'NONE', *, *, #126, .T. ) ;
#1605 = DIRECTION ( 'NONE',  ( 0.5000000000000022204, 0.8660254037844372643, 0.000000000000000000 ) ) ;
#1606 = CYLINDRICAL_SURFACE ( 'NONE', #894, 0.3000000000000003220 ) ;
#1607 = DIRECTION ( 'NONE',  ( -1.000000000000000000, 0.000000000000000000, 0.000000000000000000 ) ) ;
#1608 = CIRCLE ( 'NONE', #1180, 0.2999999999999999334 ) ;
#1609 = ORIENTED_EDGE ( 'NONE', *, *, #426, .T. ) ;
#1610 = TOROIDAL_SURFACE ( 'NONE', #861, 0.6000000000000016431, 0.3000000000000000999 ) ;
#1611 = VERTEX_POINT ( 'NONE', #605 ) ;
#1612 = EDGE_CURVE ( 'NONE', #574, #882, #684, .T. ) ;
#1613 = VECTOR ( 'NONE', #497, 1000.000000000000000 ) ;
#1614 = DIRECTION ( 'NONE',  ( -0.000000000000000000, -0.000000000000000000, 1.000000000000000000 ) ) ;
#1615 = AXIS2_PLACEMENT_3D ( 'NONE', #1376, #1536, #241 ) ;
#1616 = DIRECTION ( 'NONE',  ( 1.000000000000000000, -1.734723475976805517E-15, 0.000000000000000000 ) ) ;
#1617 = VECTOR ( 'NONE', #1427, 1000.000000000000000 ) ;
#1618 = CYLINDRICAL_SURFACE ( 'NONE', #955, 0.3000000000000003220 ) ;
#1619 = EDGE_LOOP ( 'NONE', ( #419, #674 ) ) ;
#1620 = ORIENTED_EDGE ( 'NONE', *, *, #1458, .F. ) ;
#1621 = EDGE_CURVE ( 'NONE', #1006, #1098, #1490, .T. ) ;
#1622 = FACE_OUTER_BOUND ( 'NONE', #287, .T. ) ;
#1623 = CARTESIAN_POINT ( 'NONE',  ( 7.099999999999990763, 3.002221399786054068, 0.000000000000000000 ) ) ;
#1624 = DIRECTION ( 'NONE',  ( -0.8660254037844371533, -0.5000000000000026645, 0.000000000000000000 ) ) ;
#1625 = EDGE_CURVE ( 'NONE', #1789, #72, #595, .T. ) ;
#1626 = EDGE_CURVE ( 'NONE', #849, #882, #226, .T. ) ;
#1627 = EDGE_LOOP ( 'NONE', ( #1496, #1744, #1689, #326 ) ) ;
#1628 = CARTESIAN_POINT ( 'NONE',  ( -7.499999999999992006, 5.399999999999980815, 0.000000000000000000 ) ) ;
#1629 = UNCERTAINTY_MEASURE_WITH_UNIT (LENGTH_MEASURE( 1.000000000000000082E-05 ), #1438, 'distance_accuracy_value', 'NONE');
#1630 = EDGE_CURVE ( 'NONE', #1481, #591, #1648, .T. ) ;
#1631 = ORIENTED_EDGE ( 'NONE', *, *, #1377, .F. ) ;
#1632 = ADVANCED_FACE ( 'NONE', ( #774 ), #1618, .T. ) ;
#1633 = DIRECTION ( 'NONE',  ( -0.8660254037844373753, 0.5000000000000025535, -0.000000000000000000 ) ) ;
#1634 = FACE_OUTER_BOUND ( 'NONE', #152, .T. ) ;
#1635 = PLANE ( 'NONE',  #440 ) ;
#1636 = ADVANCED_FACE ( 'NONE', ( #1349 ), #324, .T. ) ;
#1637 = EDGE_LOOP ( 'NONE', ( #325, #175, #421, #85 ) ) ;
#1638 = DIRECTION ( 'NONE',  ( -1.000000000000000000, 1.445602896647339508E-15, 0.000000000000000000 ) ) ;
#1639 = ORIENTED_EDGE ( 'NONE', *, *, #1355, .T. ) ;
#1640 = FACE_OUTER_BOUND ( 'NONE', #922, .T. ) ;
#1641 = AXIS2_PLACEMENT_3D ( 'NONE', #1686, #503, #70 ) ;
#1642 = CIRCLE ( 'NONE', #555, 0.5000000000000004441 ) ;
#1643 = CARTESIAN_POINT ( 'NONE',  ( -7.649999999999997691, 21.00000000000000000, -2.499999999999998668 ) ) ;
#1644 = DIRECTION ( 'NONE',  ( 0.5000000000000024425, -0.8660254037844373753, 0.000000000000000000 ) ) ;
#1645 = VECTOR ( 'NONE', #1503, 1000.000000000000000 ) ;
#1646 = LINE ( 'NONE', #216, #486 ) ;
#1647 = CARTESIAN_POINT ( 'NONE',  ( -7.149999999999998579, 21.00000000000000000, 2.500000000000001332 ) ) ;
#1648 = CIRCLE ( 'NONE', #1282, 0.3000000000000000999 ) ;
#1649 = EDGE_LOOP ( 'NONE', ( #756, #30, #1620, #1374 ) ) ;
#1650 = AXIS2_PLACEMENT_3D ( 'NONE', #1379, #788, #1670 ) ;
#1651 = PLANE ( 'NONE',  #1819 ) ;
#1652 = EDGE_CURVE ( 'NONE', #695, #574, #144, .T. ) ;
#1653 = FILL_AREA_STYLE ('',( #1661 ) ) ;
#1654 = LINE ( 'NONE', #947, #596 ) ;
#1655 = CARTESIAN_POINT ( 'NONE',  ( 2.267612386897787870E-16, 21.00000000000000000, 2.000000000000000444 ) ) ;
#1656 = EDGE_CURVE ( 'NONE', #383, #838, #330, .T. ) ;
#1657 = CARTESIAN_POINT ( 'NONE',  ( 0.000000000000000000, 5.000000000000000000, 0.000000000000000000 ) ) ;
#1658 = ORIENTED_EDGE ( 'NONE', *, *, #1097, .T. ) ;
#1659 = DIRECTION ( 'NONE',  ( 0.8660254037844384856, -0.5000000000000003331, 0.000000000000000000 ) ) ;
#1660 = DIRECTION ( 'NONE',  ( 1.000000000000000000, -0.000000000000000000, 0.000000000000000000 ) ) ;
#1661 = FILL_AREA_STYLE_COLOUR ( '', #1181 ) ;
#1662 = CARTESIAN_POINT ( 'NONE',  ( 0.000000000000000000, 21.50000000000000000, 0.000000000000000000 ) ) ;
#1663 = DIRECTION ( 'NONE',  ( 0.000000000000000000, -1.000000000000000000, 0.000000000000000000 ) ) ;
#1664 = DIRECTION ( 'NONE',  ( -0.000000000000000000, -8.673617379884028570E-16, -1.000000000000000000 ) ) ;
#1665 = ORIENTED_EDGE ( 'NONE', *, *, #1484, .F. ) ;
#1666 = CARTESIAN_POINT ( 'NONE',  ( -6.349999999999991651, 1.760918321028357436, 3.673940397442060115E-17 ) ) ;
#1667 = LINE ( 'NONE', #944, #259 ) ;
#1668 = EDGE_CURVE ( 'NONE', #1419, #185, #1318, .T. ) ;
#1669 = DIRECTION ( 'NONE',  ( 3.617355405169677682E-16, -1.000000000000000000, 0.000000000000000000 ) ) ;
#1670 = DIRECTION ( 'NONE',  ( 1.000000000000000000, 0.000000000000000000, -0.000000000000000000 ) ) ;
#1671 = STYLED_ITEM ( 'NONE', ( #366 ), #601 ) ;
#1672 = EDGE_CURVE ( 'NONE', #574, #673, #1068, .T. ) ;
#1673 = ORIENTED_EDGE ( 'NONE', *, *, #196, .F. ) ;
#1674 = AXIS2_PLACEMENT_3D ( 'NONE', #547, #1701, #404 ) ;
#1675 = CARTESIAN_POINT ( 'NONE',  ( -7.149999999999998579, 21.50000000000000000, -1.999999999999998668 ) ) ;
#1676 = ADVANCED_FACE ( 'NONE', ( #1501 ), #208, .F. ) ;
#1677 = AXIS2_PLACEMENT_3D ( 'NONE', #95, #213, #1066 ) ;
#1678 = ORIENTED_EDGE ( 'NONE', *, *, #1190, .T. ) ;
#1679 = CIRCLE ( 'NONE', #1316, 0.2999999999999999334 ) ;
#1680 = AXIS2_PLACEMENT_3D ( 'NONE', #1109, #377, #107 ) ;
#1681 = ORIENTED_EDGE ( 'NONE', *, *, #1715, .F. ) ;
#1682 = DIRECTION ( 'NONE',  ( -1.000000000000000000, -0.000000000000000000, 1.133806193448893442E-16 ) ) ;
#1683 = DIRECTION ( 'NONE',  ( 0.000000000000000000, -1.000000000000000000, -0.000000000000000000 ) ) ;
#1684 = CARTESIAN_POINT ( 'NONE',  ( -4.649999999999997691, 5.000000000000000000, -2.500000000000001332 ) ) ;
#1685 = DIRECTION ( 'NONE',  ( -0.8660254037844371533, 0.5000000000000026645, -0.000000000000000000 ) ) ;
#1686 = CARTESIAN_POINT ( 'NONE',  ( -6.499999999999991118, 1.501110699893025924, 0.000000000000000000 ) ) ;
#1687 = DIRECTION ( 'NONE',  ( -0.000000000000000000, -0.000000000000000000, -1.000000000000000000 ) ) ;
#1688 = EDGE_CURVE ( 'NONE', #1140, #72, #692, .T. ) ;
#1689 = ORIENTED_EDGE ( 'NONE', *, *, #329, .T. ) ;
#1690 = CARTESIAN_POINT ( 'NONE',  ( 7.150000000000003908, 21.00000000000000000, -2.000000000000001332 ) ) ;
#1691 = CARTESIAN_POINT ( 'NONE',  ( -6.199999999999988631, 0.9814954576223642313, 0.000000000000000000 ) ) ;
#1692 = ADVANCED_FACE ( 'NONE', ( #1229 ), #661, .T. ) ;
#1693 = LINE ( 'NONE', #1506, #1279 ) ;
#1694 = DIRECTION ( 'NONE',  ( -1.734723475976806848E-16, 0.000000000000000000, 1.000000000000000000 ) ) ;
#1695 = ORIENTED_EDGE ( 'NONE', *, *, #1545, .T. ) ;
#1696 = FACE_OUTER_BOUND ( 'NONE', #1476, .T. ) ;
#1697 = EDGE_CURVE ( 'NONE', #1789, #594, #1345, .T. ) ;
#1698 = ORIENTED_EDGE ( 'NONE', *, *, #712, .F. ) ;
#1699 = LINE ( 'NONE', #233, #252 ) ;
#1700 = CARTESIAN_POINT ( 'NONE',  ( 7.650000000000002132, 21.50000000000000000, 2.499999999999999556 ) ) ;
#1701 = DIRECTION ( 'NONE',  ( 1.409462824231157145E-15, 1.000000000000000000, 0.000000000000000000 ) ) ;
#1702 = DIRECTION ( 'NONE',  ( 0.000000000000000000, 0.000000000000000000, -1.000000000000000000 ) ) ;
#1703 = AXIS2_PLACEMENT_3D ( 'NONE', #689, #1659, #828 ) ;
#1704 = DIRECTION ( 'NONE',  ( 1.000000000000000000, 0.000000000000000000, 0.000000000000000000 ) ) ;
#1705 = CARTESIAN_POINT ( 'NONE',  ( -4.649999999999997691, 5.000000000000000000, -2.500000000000001332 ) ) ;
#1706 = EDGE_LOOP ( 'NONE', ( #1603, #1136, #540, #1542 ) ) ;
#1707 = AXIS2_PLACEMENT_3D ( 'NONE', #1361, #648, #234 ) ;
#1708 = VERTEX_POINT ( 'NONE', #396 ) ;
#1709 = ORIENTED_EDGE ( 'NONE', *, *, #592, .T. ) ;
#1710 = AXIS2_PLACEMENT_3D ( 'NONE', #732, #1138, #18 ) ;
#1711 = CARTESIAN_POINT ( 'NONE',  ( 7.099999999999990763, 3.002221399786054068, 0.000000000000000000 ) ) ;
#1712 = EDGE_CURVE ( 'NONE', #768, #1038, #1654, .T. ) ;
#1713 = AXIS2_PLACEMENT_3D ( 'NONE', #1775, #763, #487 ) ;
#1714 = DIRECTION ( 'NONE',  ( 0.000000000000000000, 0.000000000000000000, 1.000000000000000000 ) ) ;
#1715 = EDGE_CURVE ( 'NONE', #1140, #1745, #718, .T. ) ;
#1716 = CARTESIAN_POINT ( 'NONE',  ( 7.499999999999992006, 5.399999999999980815, 0.000000000000000000 ) ) ;
#1717 = ADVANCED_FACE ( 'NONE', ( #1363 ), #358, .F. ) ;
#1718 = VERTEX_POINT ( 'NONE', #833 ) ;
#1719 = ORIENTED_EDGE ( 'NONE', *, *, #1042, .T. ) ;
#1720 = PLANE ( 'NONE',  #197 ) ;
#1721 = DIRECTION ( 'NONE',  ( 0.000000000000000000, -1.000000000000000000, 0.000000000000000000 ) ) ;
#1722 = DIRECTION ( 'NONE',  ( 0.000000000000000000, 0.000000000000000000, 1.000000000000000000 ) ) ;
#1723 = CARTESIAN_POINT ( 'NONE',  ( 4.650000000000001243, 5.000000000000000000, 2.249999999999999556 ) ) ;
#1724 = ORIENTED_EDGE ( 'NONE', *, *, #9, .T. ) ;
#1725 = ORIENTED_EDGE ( 'NONE', *, *, #1040, .T. ) ;
#1726 = ORIENTED_EDGE ( 'NONE', *, *, #914, .T. ) ;
#1727 = DIRECTION ( 'NONE',  ( 1.000000000000000000, 0.000000000000000000, -1.700709290173340163E-16 ) ) ;
#1728 = DIRECTION ( 'NONE',  ( 0.000000000000000000, 0.000000000000000000, -1.000000000000000000 ) ) ;
#1729 = CARTESIAN_POINT ( 'NONE',  ( -7.499999999999991118, -5.204170427930421283E-15, 0.000000000000000000 ) ) ;
#1730 = CARTESIAN_POINT ( 'NONE',  ( -7.099999999999990763, 3.002221399786054068, -3.673940397442060115E-17 ) ) ;
#1731 = CARTESIAN_POINT ( 'NONE',  ( 7.150000000000002132, 5.400000000000001243, 2.500000000000000444 ) ) ;
#1732 = ORIENTED_EDGE ( 'NONE', *, *, #349, .T. ) ;
#1733 = ADVANCED_FACE ( 'NONE', ( #1385 ), #1216, .T. ) ;
#1734 = CIRCLE ( 'NONE', #923, 0.5000000000000004441 ) ;
#1735 = ORIENTED_EDGE ( 'NONE', *, *, #821, .T. ) ;
#1736 = PLANE ( 'NONE',  #1464 ) ;
#1737 = AXIS2_PLACEMENT_3D ( 'NONE', #597, #50, #1605 ) ;
#1738 = TOROIDAL_SURFACE ( 'NONE', #927, 0.6000000000000016431, 0.3000000000000000999 ) ;
#1739 = DIRECTION ( 'NONE',  ( 1.000000000000000000, -0.000000000000000000, 0.000000000000000000 ) ) ;
#1740 = LINE ( 'NONE', #304, #1283 ) ;
#1741 = VECTOR ( 'NONE', #54, 1000.000000000000000 ) ;
#1742 = FACE_OUTER_BOUND ( 'NONE', #975, .T. ) ;
#1743 = DIRECTION ( 'NONE',  ( 1.000000000000000000, 0.000000000000000000, 0.000000000000000000 ) ) ;
#1744 = ORIENTED_EDGE ( 'NONE', *, *, #1443, .F. ) ;
#1745 = VERTEX_POINT ( 'NONE', #1516 ) ;
#1746 = DIRECTION ( 'NONE',  ( 0.000000000000000000, -1.000000000000000000, 0.000000000000000000 ) ) ;
#1747 = CARTESIAN_POINT ( 'NONE',  ( -7.449999999999989519, 0.6062177826491037536, 3.673940397442060115E-17 ) ) ;
#1748 = DIRECTION ( 'NONE',  ( 1.000000000000000000, 0.000000000000000000, 0.000000000000000000 ) ) ;
#1749 = ORIENTED_EDGE ( 'NONE', *, *, #700, .T. ) ;
#1750 = ORIENTED_EDGE ( 'NONE', *, *, #1845, .T. ) ;
#1751 = DIRECTION ( 'NONE',  ( 0.000000000000000000, -1.000000000000000000, 0.000000000000000000 ) ) ;
#1752 = CARTESIAN_POINT ( 'NONE',  ( 7.150000000000003020, 21.00000000000000000, -2.000000000000001332 ) ) ;
#1753 = DIRECTION ( 'NONE',  ( 0.8660254037844383745, 0.5000000000000008882, -0.000000000000000000 ) ) ;
#1754 = EDGE_LOOP ( 'NONE', ( #1604, #218, #1166, #406 ) ) ;
#1755 = ORIENTED_EDGE ( 'NONE', *, *, #1371, .F. ) ;
#1756 = CIRCLE ( 'NONE', #374, 0.3000000000000000999 ) ;
#1757 = TOROIDAL_SURFACE ( 'NONE', #1707, 0.3999999999999983569, 0.3000000000000000999 ) ;
#1758 = DIRECTION ( 'NONE',  ( -1.000000000000000000, 0.000000000000000000, 1.700709290173340163E-16 ) ) ;
#1759 = ADVANCED_FACE ( 'NONE', ( #119 ), #539, .F. ) ;
#1760 = APPLICATION_CONTEXT ( 'automotive_design' ) ;
#1761 = ADVANCED_FACE ( 'NONE', ( #519 ), #387, .F. ) ;
#1762 = DIRECTION ( 'NONE',  ( 1.000000000000000000, 0.000000000000000000, 0.000000000000000000 ) ) ;
#1763 = CARTESIAN_POINT ( 'NONE',  ( 7.650000000000002132, 21.00000000000000000, 2.499999999999999556 ) ) ;
#1764 = ORIENTED_EDGE ( 'NONE', *, *, #1121, .T. ) ;
#1765 = CARTESIAN_POINT ( 'NONE',  ( -7.499999999999991118, 3.002221399786053624, 0.000000000000000000 ) ) ;
#1766 = ORIENTED_EDGE ( 'NONE', *, *, #39, .F. ) ;
#1767 = DIRECTION ( 'NONE',  ( -0.000000000000000000, 0.000000000000000000, 1.000000000000000000 ) ) ;
#1768 = ADVANCED_FACE ( 'NONE', ( #680 ), #802, .T. ) ;
#1769 = DIRECTION ( 'NONE',  ( 0.000000000000000000, 0.000000000000000000, -1.000000000000000000 ) ) ;
#1770 = CARTESIAN_POINT ( 'NONE',  ( 4.650000000000001243, 5.000000000000000000, -2.500000000000001332 ) ) ;
#1771 = ORIENTED_EDGE ( 'NONE', *, *, #1575, .T. ) ;
#1772 = ORIENTED_EDGE ( 'NONE', *, *, #1194, .F. ) ;
#1773 = DIRECTION ( 'NONE',  ( 0.000000000000000000, -1.000000000000000000, 0.000000000000000000 ) ) ;
#1774 = DIRECTION ( 'NONE',  ( -0.000000000000000000, -0.000000000000000000, 1.000000000000000000 ) ) ;
#1775 = CARTESIAN_POINT ( 'NONE',  ( -6.199999999999991296, 2.020725942163689837, 0.000000000000000000 ) ) ;
#1776 = ORIENTED_EDGE ( 'NONE', *, *, #1668, .T. ) ;
#1777 = DIRECTION ( 'NONE',  ( 1.000000000000000000, 0.000000000000000000, 0.000000000000000000 ) ) ;
#1778 = AXIS2_PLACEMENT_3D ( 'NONE', #641, #237, #227 ) ;
#1779 = ORIENTED_EDGE ( 'NONE', *, *, #931, .T. ) ;
#1780 = EDGE_CURVE ( 'NONE', #37, #185, #1249, .T. ) ;
#1781 = CIRCLE ( 'NONE', #985, 0.2999999999999998779 ) ;
#1782 = CARTESIAN_POINT ( 'NONE',  ( -7.799999999999990941, 3.002221399786053180, 3.673940397442061963E-17 ) ) ;
#1783 = AXIS2_PLACEMENT_3D ( 'NONE', #1152, #1262, #267 ) ;
#1784 = CIRCLE ( 'NONE', #1243, 0.5000000000000000000 ) ;
#1785 = LINE ( 'NONE', #679, #344 ) ;
#1786 = DIRECTION ( 'NONE',  ( 1.029992063861228226E-15, -1.000000000000000000, 0.000000000000000000 ) ) ;
#1787 = AXIS2_PLACEMENT_3D ( 'NONE', #690, #851, #431 ) ;
#1788 = VECTOR ( 'NONE', #1829, 1000.000000000000000 ) ;
#1789 = VERTEX_POINT ( 'NONE', #1795 ) ;
#1790 = DIRECTION ( 'NONE',  ( 1.000000000000000000, 0.000000000000000000, 0.000000000000000000 ) ) ;
#1791 = VECTOR ( 'NONE', #100, 1000.000000000000000 ) ;
#1792 = ORIENTED_EDGE ( 'NONE', *, *, #39, .T. ) ;
#1793 = CARTESIAN_POINT ( 'NONE',  ( 7.099999999999990763, 3.002221399786054068, 0.000000000000000000 ) ) ;
#1794 = CYLINDRICAL_SURFACE ( 'NONE', #1850, 0.5000000000000004441 ) ;
#1795 = CARTESIAN_POINT ( 'NONE',  ( 6.349999999999988987, 1.241303078757695744, -3.673940397442060115E-17 ) ) ;
#1796 = CARTESIAN_POINT ( 'NONE',  ( -7.649999999999997691, 21.50000000000000000, -1.999999999999998224 ) ) ;
#1797 = CARTESIAN_POINT ( 'NONE',  ( 7.499999999999992006, -5.000000000000004441, -0.3000000000000000999 ) ) ;
#1798 = ORIENTED_EDGE ( 'NONE', *, *, #526, .T. ) ;
#1799 = EDGE_CURVE ( 'NONE', #86, #1289, #509, .T. ) ;
#1800 = EDGE_LOOP ( 'NONE', ( #301, #1082, #1024, #1223 ) ) ;
#1801 = DIRECTION ( 'NONE',  ( -1.000000000000000000, 0.000000000000000000, 0.000000000000000000 ) ) ;
#1802 = FACE_OUTER_BOUND ( 'NONE', #343, .T. ) ;
#1803 = CARTESIAN_POINT ( 'NONE',  ( 7.299999999999991829, 2.655811238272279162, 0.000000000000000000 ) ) ;
#1804 = EDGE_LOOP ( 'NONE', ( #356, #858, #1320, #212 ) ) ;
#1805 = CARTESIAN_POINT ( 'NONE',  ( -7.499999999999992006, -5.000000000000004441, 0.000000000000000000 ) ) ;
#1806 = CARTESIAN_POINT ( 'NONE',  ( -7.149999999999998579, 21.00000000000000000, -1.999999999999998668 ) ) ;
#1807 = ORIENTED_EDGE ( 'NONE', *, *, #1529, .T. ) ;
#1808 = ADVANCED_FACE ( 'NONE', ( #1528 ), #670, .T. ) ;
#1809 = DIRECTION ( 'NONE',  ( 0.000000000000000000, 0.000000000000000000, 1.000000000000000000 ) ) ;
#1810 = FACE_OUTER_BOUND ( 'NONE', #337, .T. ) ;
#1811 = CIRCLE ( 'NONE', #1430, 0.9000000000000014655 ) ;
#1812 = CARTESIAN_POINT ( 'NONE',  ( -7.799999999999991829, 5.399999999999980815, 3.673940397442072441E-17 ) ) ;
#1813 = LINE ( 'NONE', #528, #997 ) ;
#1814 = CIRCLE ( 'NONE', #1488, 0.6999999999999984013 ) ;
#1815 = ORIENTED_EDGE ( 'NONE', *, *, #624, .T. ) ;
#1816 = AXIS2_PLACEMENT_3D ( 'NONE', #1423, #272, #711 ) ;
#1817 = DIRECTION ( 'NONE',  ( 0.000000000000000000, 0.000000000000000000, 1.000000000000000000 ) ) ;
#1818 = ORIENTED_EDGE ( 'NONE', *, *, #1227, .F. ) ;
#1819 = AXIS2_PLACEMENT_3D ( 'NONE', #104, #1391, #968 ) ;
#1820 = EDGE_CURVE ( 'NONE', #693, #1330, #1813, .T. ) ;
#1821 = VERTEX_POINT ( 'NONE', #1825 ) ;
#1822 = DIRECTION ( 'NONE',  ( 0.8660254037844383745, -0.5000000000000008882, 0.000000000000000000 ) ) ;
#1823 = CARTESIAN_POINT ( 'NONE',  ( -7.499999999999992006, -5.000000000000004441, 0.3000000000000000999 ) ) ;
#1824 =( NAMED_UNIT ( * ) SI_UNIT ( $, .STERADIAN. ) SOLID_ANGLE_UNIT ( ) );
#1825 = CARTESIAN_POINT ( 'NONE',  ( 6.049999999999990941, 2.280533563299020905, 0.000000000000000000 ) ) ;
#1826 = EDGE_CURVE ( 'NONE', #1178, #1538, #854, .T. ) ;
#1827 = ORIENTED_EDGE ( 'NONE', *, *, #434, .T. ) ;
#1828 = ORIENTED_EDGE ( 'NONE', *, *, #36, .T. ) ;
#1829 = DIRECTION ( 'NONE',  ( 0.000000000000000000, 1.000000000000000000, -0.000000000000000000 ) ) ;
#1830 = ORIENTED_EDGE ( 'NONE', *, *, #1672, .F. ) ;
#1831 = CARTESIAN_POINT ( 'NONE',  ( -6.499999999999991118, 1.501110699893025924, 0.000000000000000000 ) ) ;
#1832 = LINE ( 'NONE', #860, #1436 ) ;
#1833 = LINE ( 'NONE', #698, #286 ) ;
#1834 = CARTESIAN_POINT ( 'NONE',  ( 6.199999999999988631, 0.9814954576223642313, 0.000000000000000000 ) ) ;
#1835 = ORIENTED_EDGE ( 'NONE', *, *, #507, .T. ) ;
#1836 = PLANE ( 'NONE',  #614 ) ;
#1837 = CARTESIAN_POINT ( 'NONE',  ( 7.150000000000002132, 5.000000000000000000, 2.500000000000000444 ) ) ;
#1838 = ORIENTED_EDGE ( 'NONE', *, *, #36, .F. ) ;
#1839 = EDGE_CURVE ( 'NONE', #1428, #1006, #1028, .T. ) ;
#1840 = ORIENTED_EDGE ( 'NONE', *, *, #622, .T. ) ;
#1841 = ADVANCED_FACE ( 'NONE', ( #1124 ), #557, .T. ) ;
#1842 = DIRECTION ( 'NONE',  ( -1.000000000000000000, 0.000000000000000000, 0.000000000000000000 ) ) ;
#1843 = LINE ( 'NONE', #1142, #797 ) ;
#1844 = SURFACE_STYLE_FILL_AREA ( #585 ) ;
#1845 = EDGE_CURVE ( 'NONE', #613, #341, #1740, .T. ) ;
#1846 = AXIS2_PLACEMENT_3D ( 'NONE', #676, #1809, #1413 ) ;
#1847 = DIRECTION ( 'NONE',  ( -1.700709290173339916E-16, 0.000000000000000000, -1.000000000000000000 ) ) ;
#1848 = CARTESIAN_POINT ( 'NONE',  ( -6.349999999999988987, 1.241303078757695744, 3.673940397442060115E-17 ) ) ;
#1849 = AXIS2_PLACEMENT_3D ( 'NONE', #407, #1295, #1426 ) ;
#1850 = AXIS2_PLACEMENT_3D ( 'NONE', #223, #527, #89 ) ;
#1851 = ORIENTED_EDGE ( 'NONE', *, *, #1097, .F. ) ;
#1852 = EDGE_CURVE ( 'NONE', #14, #695, #872, .T. ) ;
#1853 = VECTOR ( 'NONE', #1342, 1000.000000000000000 ) ;
#1854 = EDGE_LOOP ( 'NONE', ( #135, #1695, #1566, #1000 ) ) ;
#1855 = VECTOR ( 'NONE', #1418, 1000.000000000000000 ) ;
#1856 = DIRECTION ( 'NONE',  ( 0.000000000000000000, -1.000000000000000000, 0.000000000000000000 ) ) ;
ENDSEC;
END-ISO-10303-21;
